location,year,week,max_temp_c,min_temp_c,rainfall_mm
Falls Creek,2014,1,10.381917808219178,3.455494505494505,1165.4
Falls Creek,2014,10,10.381917808219178,3.455494505494505,1165.4
Falls Creek,2014,11,10.381917808219178,3.455494505494505,1165.4
Falls Creek,2014,12,10.381917808219178,3.455494505494505,1165.4
Falls Creek,2014,13,10.381917808219178,3.455494505494505,1165.4
Falls Creek,2014,14,10.381917808219178,3.455494505494505,1165.4
Falls Creek,2014,15,10.381917808219178,3.455494505494505,1165.4
Falls Creek,2014,2,10.381917808219178,3.455494505494505,1165.4
Falls Creek,2014,3,10.381917808219178,3.455494505494505,1165.4
Falls Creek,2014,4,10.381917808219178,3.455494505494505,1165.4
Falls Creek,2014,5,10.381917808219178,3.455494505494505,1165.4
Falls Creek,2014,6,10.381917808219178,3.455494505494505,1165.4
Falls Creek,2014,7,10.381917808219178,3.455494505494505,1165.4
Falls Creek,2014,8,10.381917808219178,3.455494505494505,1165.4
Falls Creek,2014,9,10.381917808219178,3.455494505494505,1165.4
Falls Creek,2015,1,9.764657534246576,2.9183561643835616,1225.4
Falls Creek,2015,10,9.764657534246576,2.9183561643835616,1225.4
Falls Creek,2015,11,9.764657534246576,2.9183561643835616,1225.4
Falls Creek,2015,12,9.764657534246576,2.9183561643835616,1225.4
Falls Creek,2015,13,9.764657534246576,2.9183561643835616,1225.4
Falls Creek,2015,14,9.764657534246576,2.9183561643835616,1225.4
Falls Creek,2015,15,9.764657534246576,2.9183561643835616,1225.4
Falls Creek,2015,2,9.764657534246576,2.9183561643835616,1225.4
Falls Creek,2015,3,9.764657534246576,2.9183561643835616,1225.4
Falls Creek,2015,4,9.764657534246576,2.9183561643835616,1225.4
Falls Creek,2015,5,9.764657534246576,2.9183561643835616,1225.4
Falls Creek,2015,6,9.764657534246576,2.9183561643835616,1225.4
Falls Creek,2015,7,9.764657534246576,2.9183561643835616,1225.4
Falls Creek,2015,8,9.764657534246576,2.9183561643835616,1225.4
Falls Creek,2015,9,9.764657534246576,2.9183561643835616,1225.4
Falls Creek,2016,1,9.381967213114754,3.0945205479452054,1612.6
Falls Creek,2016,10,9.381967213114754,3.0945205479452054,1612.6
Falls Creek,2016,11,9.381967213114754,3.0945205479452054,1612.6
Falls Creek,2016,12,9.381967213114754,3.0945205479452054,1612.6
Falls Creek,2016,13,9.381967213114754,3.0945205479452054,1612.6
Falls Creek,2016,14,9.381967213114754,3.0945205479452054,1612.6
Falls Creek,2016,15,9.381967213114754,3.0945205479452054,1612.6
Falls Creek,2016,2,9.381967213114754,3.0945205479452054,1612.6
Falls Creek,2016,3,9.381967213114754,3.0945205479452054,1612.6
Falls Creek,2016,4,9.381967213114754,3.0945205479452054,1612.6
Falls Creek,2016,5,9.381967213114754,3.0945205479452054,1612.6
Falls Creek,2016,6,9.381967213114754,3.0945205479452054,1612.6
Falls Creek,2016,7,9.381967213114754,3.0945205479452054,1612.6
Falls Creek,2016,8,9.381967213114754,3.0945205479452054,1612.6
Falls Creek,2016,9,9.381967213114754,3.0945205479452054,1612.6
Falls Creek,2017,1,9.64065934065934,3.0315068493150683,1487.0
Falls Creek,2017,10,9.64065934065934,3.0315068493150683,1487.0
Falls Creek,2017,11,9.64065934065934,3.0315068493150683,1487.0
Falls Creek,2017,12,9.64065934065934,3.0315068493150683,1487.0
Falls Creek,2017,13,9.64065934065934,3.0315068493150683,1487.0
Falls Creek,2017,14,9.64065934065934,3.0315068493150683,1487.0
Falls Creek,2017,15,9.64065934065934,3.0315068493150683,1487.0
Falls Creek,2017,2,9.64065934065934,3.0315068493150683,1487.0
Falls Creek,2017,3,9.64065934065934,3.0315068493150683,1487.0
Falls Creek,2017,4,9.64065934065934,3.0315068493150683,1487.0
Falls Creek,2017,5,9.64065934065934,3.0315068493150683,1487.0
Falls Creek,2017,6,9.64065934065934,3.0315068493150683,1487.0
Falls Creek,2017,7,9.64065934065934,3.0315068493150683,1487.0
Falls Creek,2017,8,9.64065934065934,3.0315068493150683,1487.0
Falls Creek,2017,9,9.64065934065934,3.0315068493150683,1487.0
Falls Creek,2018,1,9.677808988764045,2.9141666666666666,814.6
Falls Creek,2018,10,9.677808988764045,2.9141666666666666,814.6
Falls Creek,2018,11,9.677808988764045,2.9141666666666666,814.6
Falls Creek,2018,12,9.677808988764045,2.9141666666666666,814.6
Falls Creek,2018,13,9.677808988764045,2.9141666666666666,814.6
Falls Creek,2018,14,9.677808988764045,2.9141666666666666,814.6
Falls Creek,2018,15,9.677808988764045,2.9141666666666666,814.6
Falls Creek,2018,2,9.677808988764045,2.9141666666666666,814.6
Falls Creek,2018,3,9.677808988764045,2.9141666666666666,814.6
Falls Creek,2018,4,9.677808988764045,2.9141666666666666,814.6
Falls Creek,2018,5,9.677808988764045,2.9141666666666666,814.6
Falls Creek,2018,6,9.677808988764045,2.9141666666666666,814.6
Falls Creek,2018,7,9.677808988764045,2.9141666666666666,814.6
Falls Creek,2018,8,9.677808988764045,2.9141666666666666,814.6
Falls Creek,2018,9,9.677808988764045,2.9141666666666666,814.6
Falls Creek,2019,1,10.008080808080809,3.290604026845638,812.4
Falls Creek,2019,10,10.008080808080809,3.290604026845638,812.4
Falls Creek,2019,11,10.008080808080809,3.290604026845638,812.4
Falls Creek,2019,12,10.008080808080809,3.290604026845638,812.4
Falls Creek,2019,13,10.008080808080809,3.290604026845638,812.4
Falls Creek,2019,14,10.008080808080809,3.290604026845638,812.4
Falls Creek,2019,15,10.008080808080809,3.290604026845638,812.4
Falls Creek,2019,2,10.008080808080809,3.290604026845638,812.4
Falls Creek,2019,3,10.008080808080809,3.290604026845638,812.4
Falls Creek,2019,4,10.008080808080809,3.290604026845638,812.4
Falls Creek,2019,5,10.008080808080809,3.290604026845638,812.4
Falls Creek,2019,6,10.008080808080809,3.290604026845638,812.4
Falls Creek,2019,7,10.008080808080809,3.290604026845638,812.4
Falls Creek,2019,8,10.008080808080809,3.290604026845638,812.4
Falls Creek,2019,9,10.008080808080809,3.290604026845638,812.4
Falls Creek,2020,1,9.442857142857143,2.765846994535519,1954.0
Falls Creek,2020,10,9.442857142857143,2.765846994535519,1954.0
Falls Creek,2020,11,9.442857142857143,2.765846994535519,1954.0
Falls Creek,2020,12,9.442857142857143,2.765846994535519,1954.0
Falls Creek,2020,13,9.442857142857143,2.765846994535519,1954.0
Falls Creek,2020,14,9.442857142857143,2.765846994535519,1954.0
Falls Creek,2020,15,9.442857142857143,2.765846994535519,1954.0
Falls Creek,2020,2,9.442857142857143,2.765846994535519,1954.0
Falls Creek,2020,3,9.442857142857143,2.765846994535519,1954.0
Falls Creek,2020,4,9.442857142857143,2.765846994535519,1954.0
Falls Creek,2020,5,9.442857142857143,2.765846994535519,1954.0
Falls Creek,2020,6,9.442857142857143,2.765846994535519,1954.0
Falls Creek,2020,7,9.442857142857143,2.765846994535519,1954.0
Falls Creek,2020,8,9.442857142857143,2.765846994535519,1954.0
Falls Creek,2020,9,9.442857142857143,2.765846994535519,1954.0
Falls Creek,2021,1,8.160744985673352,2.146857142857143,1900.2
Falls Creek,2021,10,8.160744985673352,2.146857142857143,1900.2
Falls Creek,2021,11,8.160744985673352,2.146857142857143,1900.2
Falls Creek,2021,12,8.160744985673352,2.146857142857143,1900.2
Falls Creek,2021,13,8.160744985673352,2.146857142857143,1900.2
Falls Creek,2021,14,8.160744985673352,2.146857142857143,1900.2
Falls Creek,2021,15,8.160744985673352,2.146857142857143,1900.2
Falls Creek,2021,2,8.160744985673352,2.146857142857143,1900.2
Falls Creek,2021,3,8.160744985673352,2.146857142857143,1900.2
Falls Creek,2021,4,8.160744985673352,2.146857142857143,1900.2
Falls Creek,2021,5,8.160744985673352,2.146857142857143,1900.2
Falls Creek,2021,6,8.160744985673352,2.146857142857143,1900.2
Falls Creek,2021,7,8.160744985673352,2.146857142857143,1900.2
Falls Creek,2021,8,8.160744985673352,2.146857142857143,1900.2
Falls Creek,2021,9,8.160744985673352,2.146857142857143,1900.2
Falls Creek,2022,1,7.462202380952381,1.7127596439169142,1980.0
Falls Creek,2022,10,7.462202380952381,1.7127596439169142,1980.0
Falls Creek,2022,11,7.462202380952381,1.7127596439169142,1980.0
Falls Creek,2022,12,7.462202380952381,1.7127596439169142,1980.0
Falls Creek,2022,13,7.462202380952381,1.7127596439169142,1980.0
Falls Creek,2022,14,7.462202380952381,1.7127596439169142,1980.0
Falls Creek,2022,15,7.462202380952381,1.7127596439169142,1980.0
Falls Creek,2022,2,7.462202380952381,1.7127596439169142,1980.0
Falls Creek,2022,3,7.462202380952381,1.7127596439169142,1980.0
Falls Creek,2022,4,7.462202380952381,1.7127596439169142,1980.0
Falls Creek,2022,5,7.462202380952381,1.7127596439169142,1980.0
Falls Creek,2022,6,7.462202380952381,1.7127596439169142,1980.0
Falls Creek,2022,7,7.462202380952381,1.7127596439169142,1980.0
Falls Creek,2022,8,7.462202380952381,1.7127596439169142,1980.0
Falls Creek,2022,9,7.462202380952381,1.7127596439169142,1980.0
Falls Creek,2023,1,9.387640449438202,2.696045197740113,1875.2
Falls Creek,2023,10,9.387640449438202,2.696045197740113,1875.2
Falls Creek,2023,11,9.387640449438202,2.696045197740113,1875.2
Falls Creek,2023,12,9.387640449438202,2.696045197740113,1875.2
Falls Creek,2023,13,9.387640449438202,2.696045197740113,1875.2
Falls Creek,2023,14,9.387640449438202,2.696045197740113,1875.2
Falls Creek,2023,15,9.387640449438202,2.696045197740113,1875.2
Falls Creek,2023,2,9.387640449438202,2.696045197740113,1875.2
Falls Creek,2023,3,9.387640449438202,2.696045197740113,1875.2
Falls Creek,2023,4,9.387640449438202,2.696045197740113,1875.2
Falls Creek,2023,5,9.387640449438202,2.696045197740113,1875.2
Falls Creek,2023,6,9.387640449438202,2.696045197740113,1875.2
Falls Creek,2023,7,9.387640449438202,2.696045197740113,1875.2
Falls Creek,2023,8,9.387640449438202,2.696045197740113,1875.2
Falls Creek,2023,9,9.387640449438202,2.696045197740113,1875.2
Falls Creek,2024,1,10.754755043227666,3.4695156695156695,1447.2
Falls Creek,2024,10,10.754755043227666,3.4695156695156695,1447.2
Falls Creek,2024,11,10.754755043227666,3.4695156695156695,1447.2
Falls Creek,2024,12,10.754755043227666,3.4695156695156695,1447.2
Falls Creek,2024,13,10.754755043227666,3.4695156695156695,1447.2
Falls Creek,2024,14,10.754755043227666,3.4695156695156695,1447.2
Falls Creek,2024,15,10.754755043227666,3.4695156695156695,1447.2
Falls Creek,2024,2,10.754755043227666,3.4695156695156695,1447.2
Falls Creek,2024,3,10.754755043227666,3.4695156695156695,1447.2
Falls Creek,2024,4,10.754755043227666,3.4695156695156695,1447.2
Falls Creek,2024,5,10.754755043227666,3.4695156695156695,1447.2
Falls Creek,2024,6,10.754755043227666,3.4695156695156695,1447.2
Falls Creek,2024,7,10.754755043227666,3.4695156695156695,1447.2
Falls Creek,2024,8,10.754755043227666,3.4695156695156695,1447.2
Falls Creek,2024,9,10.754755043227666,3.4695156695156695,1447.2
Mt. Baw Baw,2014,1,10.408219178082192,3.753698630136986,1777.6
Mt. Baw Baw,2014,10,10.408219178082192,3.753698630136986,1777.6
Mt. Baw Baw,2014,11,10.408219178082192,3.753698630136986,1777.6
Mt. Baw Baw,2014,12,10.408219178082192,3.753698630136986,1777.6
Mt. Baw Baw,2014,13,10.408219178082192,3.753698630136986,1777.6
Mt. Baw Baw,2014,14,10.408219178082192,3.753698630136986,1777.6
Mt. Baw Baw,2014,15,10.408219178082192,3.753698630136986,1777.6
Mt. Baw Baw,2014,2,10.408219178082192,3.753698630136986,1777.6
Mt. Baw Baw,2014,3,10.408219178082192,3.753698630136986,1777.6
Mt. Baw Baw,2014,4,10.408219178082192,3.753698630136986,1777.6
Mt. Baw Baw,2014,5,10.408219178082192,3.753698630136986,1777.6
Mt. Baw Baw,2014,6,10.408219178082192,3.753698630136986,1777.6
Mt. Baw Baw,2014,7,10.408219178082192,3.753698630136986,1777.6
Mt. Baw Baw,2014,8,10.408219178082192,3.753698630136986,1777.6
Mt. Baw Baw,2014,9,10.408219178082192,3.753698630136986,1777.6
Mt. Baw Baw,2015,1,9.745479452054795,3.1079452054794525,1591.6
Mt. Baw Baw,2015,10,9.745479452054795,3.1079452054794525,1591.6
Mt. Baw Baw,2015,11,9.745479452054795,3.1079452054794525,1591.6
Mt. Baw Baw,2015,12,9.745479452054795,3.1079452054794525,1591.6
Mt. Baw Baw,2015,13,9.745479452054795,3.1079452054794525,1591.6
Mt. Baw Baw,2015,14,9.745479452054795,3.1079452054794525,1591.6
Mt. Baw Baw,2015,15,9.745479452054795,3.1079452054794525,1591.6
Mt. Baw Baw,2015,2,9.745479452054795,3.1079452054794525,1591.6
Mt. Baw Baw,2015,3,9.745479452054795,3.1079452054794525,1591.6
Mt. Baw Baw,2015,4,9.745479452054795,3.1079452054794525,1591.6
Mt. Baw Baw,2015,5,9.745479452054795,3.1079452054794525,1591.6
Mt. Baw Baw,2015,6,9.745479452054795,3.1079452054794525,1591.6
Mt. Baw Baw,2015,7,9.745479452054795,3.1079452054794525,1591.6
Mt. Baw Baw,2015,8,9.745479452054795,3.1079452054794525,1591.6
Mt. Baw Baw,2015,9,9.745479452054795,3.1079452054794525,1591.6
Mt. Baw Baw,2016,1,9.652459016393443,3.3764383561643836,1696.8
Mt. Baw Baw,2016,10,9.652459016393443,3.3764383561643836,1696.8
Mt. Baw Baw,2016,11,9.652459016393443,3.3764383561643836,1696.8
Mt. Baw Baw,2016,12,9.652459016393443,3.3764383561643836,1696.8
Mt. Baw Baw,2016,13,9.652459016393443,3.3764383561643836,1696.8
Mt. Baw Baw,2016,14,9.652459016393443,3.3764383561643836,1696.8
Mt. Baw Baw,2016,15,9.652459016393443,3.3764383561643836,1696.8
Mt. Baw Baw,2016,2,9.652459016393443,3.3764383561643836,1696.8
Mt. Baw Baw,2016,3,9.652459016393443,3.3764383561643836,1696.8
Mt. Baw Baw,2016,4,9.652459016393443,3.3764383561643836,1696.8
Mt. Baw Baw,2016,5,9.652459016393443,3.3764383561643836,1696.8
Mt. Baw Baw,2016,6,9.652459016393443,3.3764383561643836,1696.8
Mt. Baw Baw,2016,7,9.652459016393443,3.3764383561643836,1696.8
Mt. Baw Baw,2016,8,9.652459016393443,3.3764383561643836,1696.8
Mt. Baw Baw,2016,9,9.652459016393443,3.3764383561643836,1696.8
Mt. Baw Baw,2017,1,9.867671232876711,3.364285714285714,1600.6
Mt. Baw Baw,2017,10,9.867671232876711,3.364285714285714,1600.6
Mt. Baw Baw,2017,11,9.867671232876711,3.364285714285714,1600.6
Mt. Baw Baw,2017,12,9.867671232876711,3.364285714285714,1600.6
Mt. Baw Baw,2017,13,9.867671232876711,3.364285714285714,1600.6
Mt. Baw Baw,2017,14,9.867671232876711,3.364285714285714,1600.6
Mt. Baw Baw,2017,15,9.867671232876711,3.364285714285714,1600.6
Mt. Baw Baw,2017,2,9.867671232876711,3.364285714285714,1600.6
Mt. Baw Baw,2017,3,9.867671232876711,3.364285714285714,1600.6
Mt. Baw Baw,2017,4,9.867671232876711,3.364285714285714,1600.6
Mt. Baw Baw,2017,5,9.867671232876711,3.364285714285714,1600.6
Mt. Baw Baw,2017,6,9.867671232876711,3.364285714285714,1600.6
Mt. Baw Baw,2017,7,9.867671232876711,3.364285714285714,1600.6
Mt. Baw Baw,2017,8,9.867671232876711,3.364285714285714,1600.6
Mt. Baw Baw,2017,9,9.867671232876711,3.364285714285714,1600.6
Mt. Baw Baw,2018,1,9.926256983240224,3.381375358166189,1338.8
Mt. Baw Baw,2018,10,9.926256983240224,3.381375358166189,1338.8
Mt. Baw Baw,2018,11,9.926256983240224,3.381375358166189,1338.8
Mt. Baw Baw,2018,12,9.926256983240224,3.381375358166189,1338.8
Mt. Baw Baw,2018,13,9.926256983240224,3.381375358166189,1338.8
Mt. Baw Baw,2018,14,9.926256983240224,3.381375358166189,1338.8
Mt. Baw Baw,2018,15,9.926256983240224,3.381375358166189,1338.8
Mt. Baw Baw,2018,2,9.926256983240224,3.381375358166189,1338.8
Mt. Baw Baw,2018,3,9.926256983240224,3.381375358166189,1338.8
Mt. Baw Baw,2018,4,9.926256983240224,3.381375358166189,1338.8
Mt. Baw Baw,2018,5,9.926256983240224,3.381375358166189,1338.8
Mt. Baw Baw,2018,6,9.926256983240224,3.381375358166189,1338.8
Mt. Baw Baw,2018,7,9.926256983240224,3.381375358166189,1338.8
Mt. Baw Baw,2018,8,9.926256983240224,3.381375358166189,1338.8
Mt. Baw Baw,2018,9,9.926256983240224,3.381375358166189,1338.8
Mt. Baw Baw,2019,1,9.969131832797428,3.0006191950464394,1566.4
Mt. Baw Baw,2019,10,9.969131832797428,3.0006191950464394,1566.4
Mt. Baw Baw,2019,11,9.969131832797428,3.0006191950464394,1566.4
Mt. Baw Baw,2019,12,9.969131832797428,3.0006191950464394,1566.4
Mt. Baw Baw,2019,13,9.969131832797428,3.0006191950464394,1566.4
Mt. Baw Baw,2019,14,9.969131832797428,3.0006191950464394,1566.4
Mt. Baw Baw,2019,15,9.969131832797428,3.0006191950464394,1566.4
Mt. Baw Baw,2019,2,9.969131832797428,3.0006191950464394,1566.4
Mt. Baw Baw,2019,3,9.969131832797428,3.0006191950464394,1566.4
Mt. Baw Baw,2019,4,9.969131832797428,3.0006191950464394,1566.4
Mt. Baw Baw,2019,5,9.969131832797428,3.0006191950464394,1566.4
Mt. Baw Baw,2019,6,9.969131832797428,3.0006191950464394,1566.4
Mt. Baw Baw,2019,7,9.969131832797428,3.0006191950464394,1566.4
Mt. Baw Baw,2019,8,9.969131832797428,3.0006191950464394,1566.4
Mt. Baw Baw,2019,9,9.969131832797428,3.0006191950464394,1566.4
Mt. Baw Baw,2020,1,9.569097222222222,2.630132450331126,1944.0
Mt. Baw Baw,2020,10,9.569097222222222,2.630132450331126,1944.0
Mt. Baw Baw,2020,11,9.569097222222222,2.630132450331126,1944.0
Mt. Baw Baw,2020,12,9.569097222222222,2.630132450331126,1944.0
Mt. Baw Baw,2020,13,9.569097222222222,2.630132450331126,1944.0
Mt. Baw Baw,2020,14,9.569097222222222,2.630132450331126,1944.0
Mt. Baw Baw,2020,15,9.569097222222222,2.630132450331126,1944.0
Mt. Baw Baw,2020,2,9.569097222222222,2.630132450331126,1944.0
Mt. Baw Baw,2020,3,9.569097222222222,2.630132450331126,1944.0
Mt. Baw Baw,2020,4,9.569097222222222,2.630132450331126,1944.0
Mt. Baw Baw,2020,5,9.569097222222222,2.630132450331126,1944.0
Mt. Baw Baw,2020,6,9.569097222222222,2.630132450331126,1944.0
Mt. Baw Baw,2020,7,9.569097222222222,2.630132450331126,1944.0
Mt. Baw Baw,2020,8,9.569097222222222,2.630132450331126,1944.0
Mt. Baw Baw,2020,9,9.569097222222222,2.630132450331126,1944.0
Mt. Baw Baw,2021,1,8.951051051051051,2.63768115942029,2283.6
Mt. Baw Baw,2021,10,8.951051051051051,2.63768115942029,2283.6
Mt. Baw Baw,2021,11,8.951051051051051,2.63768115942029,2283.6
Mt. Baw Baw,2021,12,8.951051051051051,2.63768115942029,2283.6
Mt. Baw Baw,2021,13,8.951051051051051,2.63768115942029,2283.6
Mt. Baw Baw,2021,14,8.951051051051051,2.63768115942029,2283.6
Mt. Baw Baw,2021,15,8.951051051051051,2.63768115942029,2283.6
Mt. Baw Baw,2021,2,8.951051051051051,2.63768115942029,2283.6
Mt. Baw Baw,2021,3,8.951051051051051,2.63768115942029,2283.6
Mt. Baw Baw,2021,4,8.951051051051051,2.63768115942029,2283.6
Mt. Baw Baw,2021,5,8.951051051051051,2.63768115942029,2283.6
Mt. Baw Baw,2021,6,8.951051051051051,2.63768115942029,2283.6
Mt. Baw Baw,2021,7,8.951051051051051,2.63768115942029,2283.6
Mt. Baw Baw,2021,8,8.951051051051051,2.63768115942029,2283.6
Mt. Baw Baw,2021,9,8.951051051051051,2.63768115942029,2283.6
Mt. Baw Baw,2022,1,8.79228650137741,3.005785123966942,2183.0
Mt. Baw Baw,2022,10,8.79228650137741,3.005785123966942,2183.0
Mt. Baw Baw,2022,11,8.79228650137741,3.005785123966942,2183.0
Mt. Baw Baw,2022,12,8.79228650137741,3.005785123966942,2183.0
Mt. Baw Baw,2022,13,8.79228650137741,3.005785123966942,2183.0
Mt. Baw Baw,2022,14,8.79228650137741,3.005785123966942,2183.0
Mt. Baw Baw,2022,15,8.79228650137741,3.005785123966942,2183.0
Mt. Baw Baw,2022,2,8.79228650137741,3.005785123966942,2183.0
Mt. Baw Baw,2022,3,8.79228650137741,3.005785123966942,2183.0
Mt. Baw Baw,2022,4,8.79228650137741,3.005785123966942,2183.0
Mt. Baw Baw,2022,5,8.79228650137741,3.005785123966942,2183.0
Mt. Baw Baw,2022,6,8.79228650137741,3.005785123966942,2183.0
Mt. Baw Baw,2022,7,8.79228650137741,3.005785123966942,2183.0
Mt. Baw Baw,2022,8,8.79228650137741,3.005785123966942,2183.0
Mt. Baw Baw,2022,9,8.79228650137741,3.005785123966942,2183.0
Mt. Baw Baw,2023,1,10.002777777777778,3.4717086834733895,1728.4
Mt. Baw Baw,2023,10,10.002777777777778,3.4717086834733895,1728.4
Mt. Baw Baw,2023,11,10.002777777777778,3.4717086834733895,1728.4
Mt. Baw Baw,2023,12,10.002777777777778,3.4717086834733895,1728.4
Mt. Baw Baw,2023,13,10.002777777777778,3.4717086834733895,1728.4
Mt. Baw Baw,2023,14,10.002777777777778,3.4717086834733895,1728.4
Mt. Baw Baw,2023,15,10.002777777777778,3.4717086834733895,1728.4
Mt. Baw Baw,2023,2,10.002777777777778,3.4717086834733895,1728.4
Mt. Baw Baw,2023,3,10.002777777777778,3.4717086834733895,1728.4
Mt. Baw Baw,2023,4,10.002777777777778,3.4717086834733895,1728.4
Mt. Baw Baw,2023,5,10.002777777777778,3.4717086834733895,1728.4
Mt. Baw Baw,2023,6,10.002777777777778,3.4717086834733895,1728.4
Mt. Baw Baw,2023,7,10.002777777777778,3.4717086834733895,1728.4
Mt. Baw Baw,2023,8,10.002777777777778,3.4717086834733895,1728.4
Mt. Baw Baw,2023,9,10.002777777777778,3.4717086834733895,1728.4
Mt. Baw Baw,2024,1,9.554744525547445,3.058955223880597,1775.0
Mt. Baw Baw,2024,10,9.554744525547445,3.058955223880597,1775.0
Mt. Baw Baw,2024,11,9.554744525547445,3.058955223880597,1775.0
Mt. Baw Baw,2024,12,9.554744525547445,3.058955223880597,1775.0
Mt. Baw Baw,2024,13,9.554744525547445,3.058955223880597,1775.0
Mt. Baw Baw,2024,14,9.554744525547445,3.058955223880597,1775.0
Mt. Baw Baw,2024,15,9.554744525547445,3.058955223880597,1775.0
Mt. Baw Baw,2024,2,9.554744525547445,3.058955223880597,1775.0
Mt. Baw Baw,2024,3,9.554744525547445,3.058955223880597,1775.0
Mt. Baw Baw,2024,4,9.554744525547445,3.058955223880597,1775.0
Mt. Baw Baw,2024,5,9.554744525547445,3.058955223880597,1775.0
Mt. Baw Baw,2024,6,9.554744525547445,3.058955223880597,1775.0
Mt. Baw Baw,2024,7,9.554744525547445,3.058955223880597,1775.0
Mt. Baw Baw,2024,8,9.554744525547445,3.058955223880597,1775.0
Mt. Baw Baw,2024,9,9.554744525547445,3.058955223880597,1775.0
Mt. Buller,2014,1,10.392328767123287,3.664931506849315,1432.0
Mt. Buller,2014,10,10.392328767123287,3.664931506849315,1432.0
Mt. Buller,2014,11,10.392328767123287,3.664931506849315,1432.0
Mt. Buller,2014,12,10.392328767123287,3.664931506849315,1432.0
Mt. Buller,2014,13,10.392328767123287,3.664931506849315,1432.0
Mt. Buller,2014,14,10.392328767123287,3.664931506849315,1432.0
Mt. Buller,2014,15,10.392328767123287,3.664931506849315,1432.0
Mt. Buller,2014,2,10.392328767123287,3.664931506849315,1432.0
Mt. Buller,2014,3,10.392328767123287,3.664931506849315,1432.0
Mt. Buller,2014,4,10.392328767123287,3.664931506849315,1432.0
Mt. Buller,2014,5,10.392328767123287,3.664931506849315,1432.0
Mt. Buller,2014,6,10.392328767123287,3.664931506849315,1432.0
Mt. Buller,2014,7,10.392328767123287,3.664931506849315,1432.0
Mt. Buller,2014,8,10.392328767123287,3.664931506849315,1432.0
Mt. Buller,2014,9,10.392328767123287,3.664931506849315,1432.0
Mt. Buller,2015,1,9.843406593406593,3.0583561643835617,1315.4
Mt. Buller,2015,10,9.843406593406593,3.0583561643835617,1315.4
Mt. Buller,2015,11,9.843406593406593,3.0583561643835617,1315.4
Mt. Buller,2015,12,9.843406593406593,3.0583561643835617,1315.4
Mt. Buller,2015,13,9.843406593406593,3.0583561643835617,1315.4
Mt. Buller,2015,14,9.843406593406593,3.0583561643835617,1315.4
Mt. Buller,2015,15,9.843406593406593,3.0583561643835617,1315.4
Mt. Buller,2015,2,9.843406593406593,3.0583561643835617,1315.4
Mt. Buller,2015,3,9.843406593406593,3.0583561643835617,1315.4
Mt. Buller,2015,4,9.843406593406593,3.0583561643835617,1315.4
Mt. Buller,2015,5,9.843406593406593,3.0583561643835617,1315.4
Mt. Buller,2015,6,9.843406593406593,3.0583561643835617,1315.4
Mt. Buller,2015,7,9.843406593406593,3.0583561643835617,1315.4
Mt. Buller,2015,8,9.843406593406593,3.0583561643835617,1315.4
Mt. Buller,2015,9,9.843406593406593,3.0583561643835617,1315.4
Mt. Buller,2016,1,9.623415977961432,3.2520661157024793,2105.0
Mt. Buller,2016,10,9.623415977961432,3.2520661157024793,2105.0
Mt. Buller,2016,11,9.623415977961432,3.2520661157024793,2105.0
Mt. Buller,2016,12,9.623415977961432,3.2520661157024793,2105.0
Mt. Buller,2016,13,9.623415977961432,3.2520661157024793,2105.0
Mt. Buller,2016,14,9.623415977961432,3.2520661157024793,2105.0
Mt. Buller,2016,15,9.623415977961432,3.2520661157024793,2105.0
Mt. Buller,2016,2,9.623415977961432,3.2520661157024793,2105.0
Mt. Buller,2016,3,9.623415977961432,3.2520661157024793,2105.0
Mt. Buller,2016,4,9.623415977961432,3.2520661157024793,2105.0
Mt. Buller,2016,5,9.623415977961432,3.2520661157024793,2105.0
Mt. Buller,2016,6,9.623415977961432,3.2520661157024793,2105.0
Mt. Buller,2016,7,9.623415977961432,3.2520661157024793,2105.0
Mt. Buller,2016,8,9.623415977961432,3.2520661157024793,2105.0
Mt. Buller,2016,9,9.623415977961432,3.2520661157024793,2105.0
Mt. Buller,2017,1,9.603571428571428,3.1693150684931504,1790.0
Mt. Buller,2017,10,9.603571428571428,3.1693150684931504,1790.0
Mt. Buller,2017,11,9.603571428571428,3.1693150684931504,1790.0
Mt. Buller,2017,12,9.603571428571428,3.1693150684931504,1790.0
Mt. Buller,2017,13,9.603571428571428,3.1693150684931504,1790.0
Mt. Buller,2017,14,9.603571428571428,3.1693150684931504,1790.0
Mt. Buller,2017,15,9.603571428571428,3.1693150684931504,1790.0
Mt. Buller,2017,2,9.603571428571428,3.1693150684931504,1790.0
Mt. Buller,2017,3,9.603571428571428,3.1693150684931504,1790.0
Mt. Buller,2017,4,9.603571428571428,3.1693150684931504,1790.0
Mt. Buller,2017,5,9.603571428571428,3.1693150684931504,1790.0
Mt. Buller,2017,6,9.603571428571428,3.1693150684931504,1790.0
Mt. Buller,2017,7,9.603571428571428,3.1693150684931504,1790.0
Mt. Buller,2017,8,9.603571428571428,3.1693150684931504,1790.0
Mt. Buller,2017,9,9.603571428571428,3.1693150684931504,1790.0
Mt. Buller,2018,1,9.756164383561643,3.107967032967033,1399.4
Mt. Buller,2018,10,9.756164383561643,3.107967032967033,1399.4
Mt. Buller,2018,11,9.756164383561643,3.107967032967033,1399.4
Mt. Buller,2018,12,9.756164383561643,3.107967032967033,1399.4
Mt. Buller,2018,13,9.756164383561643,3.107967032967033,1399.4
Mt. Buller,2018,14,9.756164383561643,3.107967032967033,1399.4
Mt. Buller,2018,15,9.756164383561643,3.107967032967033,1399.4
Mt. Buller,2018,2,9.756164383561643,3.107967032967033,1399.4
Mt. Buller,2018,3,9.756164383561643,3.107967032967033,1399.4
Mt. Buller,2018,4,9.756164383561643,3.107967032967033,1399.4
Mt. Buller,2018,5,9.756164383561643,3.107967032967033,1399.4
Mt. Buller,2018,6,9.756164383561643,3.107967032967033,1399.4
Mt. Buller,2018,7,9.756164383561643,3.107967032967033,1399.4
Mt. Buller,2018,8,9.756164383561643,3.107967032967033,1399.4
Mt. Buller,2018,9,9.756164383561643,3.107967032967033,1399.4
Mt. Buller,2019,1,10.120821917808218,3.3128767123287672,1422.6
Mt. Buller,2019,10,10.120821917808218,3.3128767123287672,1422.6
Mt. Buller,2019,11,10.120821917808218,3.3128767123287672,1422.6
Mt. Buller,2019,12,10.120821917808218,3.3128767123287672,1422.6
Mt. Buller,2019,13,10.120821917808218,3.3128767123287672,1422.6
Mt. Buller,2019,14,10.120821917808218,3.3128767123287672,1422.6
Mt. Buller,2019,15,10.120821917808218,3.3128767123287672,1422.6
Mt. Buller,2019,2,10.120821917808218,3.3128767123287672,1422.6
Mt. Buller,2019,3,10.120821917808218,3.3128767123287672,1422.6
Mt. Buller,2019,4,10.120821917808218,3.3128767123287672,1422.6
Mt. Buller,2019,5,10.120821917808218,3.3128767123287672,1422.6
Mt. Buller,2019,6,10.120821917808218,3.3128767123287672,1422.6
Mt. Buller,2019,7,10.120821917808218,3.3128767123287672,1422.6
Mt. Buller,2019,8,10.120821917808218,3.3128767123287672,1422.6
Mt. Buller,2019,9,10.120821917808218,3.3128767123287672,1422.6
Mt. Buller,2020,1,9.442465753424658,2.9989010989010985,1699.2
Mt. Buller,2020,10,9.442465753424658,2.9989010989010985,1699.2
Mt. Buller,2020,11,9.442465753424658,2.9989010989010985,1699.2
Mt. Buller,2020,12,9.442465753424658,2.9989010989010985,1699.2
Mt. Buller,2020,13,9.442465753424658,2.9989010989010985,1699.2
Mt. Buller,2020,14,9.442465753424658,2.9989010989010985,1699.2
Mt. Buller,2020,15,9.442465753424658,2.9989010989010985,1699.2
Mt. Buller,2020,2,9.442465753424658,2.9989010989010985,1699.2
Mt. Buller,2020,3,9.442465753424658,2.9989010989010985,1699.2
Mt. Buller,2020,4,9.442465753424658,2.9989010989010985,1699.2
Mt. Buller,2020,5,9.442465753424658,2.9989010989010985,1699.2
Mt. Buller,2020,6,9.442465753424658,2.9989010989010985,1699.2
Mt. Buller,2020,7,9.442465753424658,2.9989010989010985,1699.2
Mt. Buller,2020,8,9.442465753424658,2.9989010989010985,1699.2
Mt. Buller,2020,9,9.442465753424658,2.9989010989010985,1699.2
Mt. Buller,2021,1,8.582967032967032,2.4824657534246577,1257.6
Mt. Buller,2021,10,8.582967032967032,2.4824657534246577,1257.6
Mt. Buller,2021,11,8.582967032967032,2.4824657534246577,1257.6
Mt. Buller,2021,12,8.582967032967032,2.4824657534246577,1257.6
Mt. Buller,2021,13,8.582967032967032,2.4824657534246577,1257.6
Mt. Buller,2021,14,8.582967032967032,2.4824657534246577,1257.6
Mt. Buller,2021,15,8.582967032967032,2.4824657534246577,1257.6
Mt. Buller,2021,2,8.582967032967032,2.4824657534246577,1257.6
Mt. Buller,2021,3,8.582967032967032,2.4824657534246577,1257.6
Mt. Buller,2021,4,8.582967032967032,2.4824657534246577,1257.6
Mt. Buller,2021,5,8.582967032967032,2.4824657534246577,1257.6
Mt. Buller,2021,6,8.582967032967032,2.4824657534246577,1257.6
Mt. Buller,2021,7,8.582967032967032,2.4824657534246577,1257.6
Mt. Buller,2021,8,8.582967032967032,2.4824657534246577,1257.6
Mt. Buller,2021,9,8.582967032967032,2.4824657534246577,1257.6
Mt. Buller,2022,1,8.429945054945055,2.755616438356164,2241.2
Mt. Buller,2022,10,8.429945054945055,2.755616438356164,2241.2
Mt. Buller,2022,11,8.429945054945055,2.755616438356164,2241.2
Mt. Buller,2022,12,8.429945054945055,2.755616438356164,2241.2
Mt. Buller,2022,13,8.429945054945055,2.755616438356164,2241.2
Mt. Buller,2022,14,8.429945054945055,2.755616438356164,2241.2
Mt. Buller,2022,15,8.429945054945055,2.755616438356164,2241.2
Mt. Buller,2022,2,8.429945054945055,2.755616438356164,2241.2
Mt. Buller,2022,3,8.429945054945055,2.755616438356164,2241.2
Mt. Buller,2022,4,8.429945054945055,2.755616438356164,2241.2
Mt. Buller,2022,5,8.429945054945055,2.755616438356164,2241.2
Mt. Buller,2022,6,8.429945054945055,2.755616438356164,2241.2
Mt. Buller,2022,7,8.429945054945055,2.755616438356164,2241.2
Mt. Buller,2022,8,8.429945054945055,2.755616438356164,2241.2
Mt. Buller,2022,9,8.429945054945055,2.755616438356164,2241.2
Mt. Buller,2023,1,9.773756906077347,3.346301369863014,1716.4
Mt. Buller,2023,10,9.773756906077347,3.346301369863014,1716.4
Mt. Buller,2023,11,9.773756906077347,3.346301369863014,1716.4
Mt. Buller,2023,12,9.773756906077347,3.346301369863014,1716.4
Mt. Buller,2023,13,9.773756906077347,3.346301369863014,1716.4
Mt. Buller,2023,14,9.773756906077347,3.346301369863014,1716.4
Mt. Buller,2023,15,9.773756906077347,3.346301369863014,1716.4
Mt. Buller,2023,2,9.773756906077347,3.346301369863014,1716.4
Mt. Buller,2023,3,9.773756906077347,3.346301369863014,1716.4
Mt. Buller,2023,4,9.773756906077347,3.346301369863014,1716.4
Mt. Buller,2023,5,9.773756906077347,3.346301369863014,1716.4
Mt. Buller,2023,6,9.773756906077347,3.346301369863014,1716.4
Mt. Buller,2023,7,9.773756906077347,3.346301369863014,1716.4
Mt. Buller,2023,8,9.773756906077347,3.346301369863014,1716.4
Mt. Buller,2023,9,9.773756906077347,3.346301369863014,1716.4
Mt. Buller,2024,1,10.530362116991643,3.7481894150417823,1346.2
Mt. Buller,2024,10,10.530362116991643,3.7481894150417823,1346.2
Mt. Buller,2024,11,10.530362116991643,3.7481894150417823,1346.2
Mt. Buller,2024,12,10.530362116991643,3.7481894150417823,1346.2
Mt. Buller,2024,13,10.530362116991643,3.7481894150417823,1346.2
Mt. Buller,2024,14,10.530362116991643,3.7481894150417823,1346.2
Mt. Buller,2024,15,10.530362116991643,3.7481894150417823,1346.2
Mt. Buller,2024,2,10.530362116991643,3.7481894150417823,1346.2
Mt. Buller,2024,3,10.530362116991643,3.7481894150417823,1346.2
Mt. Buller,2024,4,10.530362116991643,3.7481894150417823,1346.2
Mt. Buller,2024,5,10.530362116991643,3.7481894150417823,1346.2
Mt. Buller,2024,6,10.530362116991643,3.7481894150417823,1346.2
Mt. Buller,2024,7,10.530362116991643,3.7481894150417823,1346.2
Mt. Buller,2024,8,10.530362116991643,3.7481894150417823,1346.2
Mt. Buller,2024,9,10.530362116991643,3.7481894150417823,1346.2
Mt. Hotham,2014,1,8.91972602739726,2.5846575342465754,1476.8
Mt. Hotham,2014,10,8.91972602739726,2.5846575342465754,1476.8
Mt. Hotham,2014,11,8.91972602739726,2.5846575342465754,1476.8
Mt. Hotham,2014,12,8.91972602739726,2.5846575342465754,1476.8
Mt. Hotham,2014,13,8.91972602739726,2.5846575342465754,1476.8
Mt. Hotham,2014,14,8.91972602739726,2.5846575342465754,1476.8
Mt. Hotham,2014,15,8.91972602739726,2.5846575342465754,1476.8
Mt. Hotham,2014,2,8.91972602739726,2.5846575342465754,1476.8
Mt. Hotham,2014,3,8.91972602739726,2.5846575342465754,1476.8
Mt. Hotham,2014,4,8.91972602739726,2.5846575342465754,1476.8
Mt. Hotham,2014,5,8.91972602739726,2.5846575342465754,1476.8
Mt. Hotham,2014,6,8.91972602739726,2.5846575342465754,1476.8
Mt. Hotham,2014,7,8.91972602739726,2.5846575342465754,1476.8
Mt. Hotham,2014,8,8.91972602739726,2.5846575342465754,1476.8
Mt. Hotham,2014,9,8.91972602739726,2.5846575342465754,1476.8
Mt. Hotham,2015,1,9.096478873239437,2.730985915492958,1331.6
Mt. Hotham,2015,10,9.096478873239437,2.730985915492958,1331.6
Mt. Hotham,2015,11,9.096478873239437,2.730985915492958,1331.6
Mt. Hotham,2015,12,9.096478873239437,2.730985915492958,1331.6
Mt. Hotham,2015,13,9.096478873239437,2.730985915492958,1331.6
Mt. Hotham,2015,14,9.096478873239437,2.730985915492958,1331.6
Mt. Hotham,2015,15,9.096478873239437,2.730985915492958,1331.6
Mt. Hotham,2015,2,9.096478873239437,2.730985915492958,1331.6
Mt. Hotham,2015,3,9.096478873239437,2.730985915492958,1331.6
Mt. Hotham,2015,4,9.096478873239437,2.730985915492958,1331.6
Mt. Hotham,2015,5,9.096478873239437,2.730985915492958,1331.6
Mt. Hotham,2015,6,9.096478873239437,2.730985915492958,1331.6
Mt. Hotham,2015,7,9.096478873239437,2.730985915492958,1331.6
Mt. Hotham,2015,8,9.096478873239437,2.730985915492958,1331.6
Mt. Hotham,2015,9,9.096478873239437,2.730985915492958,1331.6
Mt. Hotham,2016,1,8.689655172413794,2.5605714285714285,2112.0
Mt. Hotham,2016,10,8.689655172413794,2.5605714285714285,2112.0
Mt. Hotham,2016,11,8.689655172413794,2.5605714285714285,2112.0
Mt. Hotham,2016,12,8.689655172413794,2.5605714285714285,2112.0
Mt. Hotham,2016,13,8.689655172413794,2.5605714285714285,2112.0
Mt. Hotham,2016,14,8.689655172413794,2.5605714285714285,2112.0
Mt. Hotham,2016,15,8.689655172413794,2.5605714285714285,2112.0
Mt. Hotham,2016,2,8.689655172413794,2.5605714285714285,2112.0
Mt. Hotham,2016,3,8.689655172413794,2.5605714285714285,2112.0
Mt. Hotham,2016,4,8.689655172413794,2.5605714285714285,2112.0
Mt. Hotham,2016,5,8.689655172413794,2.5605714285714285,2112.0
Mt. Hotham,2016,6,8.689655172413794,2.5605714285714285,2112.0
Mt. Hotham,2016,7,8.689655172413794,2.5605714285714285,2112.0
Mt. Hotham,2016,8,8.689655172413794,2.5605714285714285,2112.0
Mt. Hotham,2016,9,8.689655172413794,2.5605714285714285,2112.0
Mt. Hotham,2017,1,8.373925501432664,2.122598870056497,942.0
Mt. Hotham,2017,10,8.373925501432664,2.122598870056497,942.0
Mt. Hotham,2017,11,8.373925501432664,2.122598870056497,942.0
Mt. Hotham,2017,12,8.373925501432664,2.122598870056497,942.0
Mt. Hotham,2017,13,8.373925501432664,2.122598870056497,942.0
Mt. Hotham,2017,14,8.373925501432664,2.122598870056497,942.0
Mt. Hotham,2017,15,8.373925501432664,2.122598870056497,942.0
Mt. Hotham,2017,2,8.373925501432664,2.122598870056497,942.0
Mt. Hotham,2017,3,8.373925501432664,2.122598870056497,942.0
Mt. Hotham,2017,4,8.373925501432664,2.122598870056497,942.0
Mt. Hotham,2017,5,8.373925501432664,2.122598870056497,942.0
Mt. Hotham,2017,6,8.373925501432664,2.122598870056497,942.0
Mt. Hotham,2017,7,8.373925501432664,2.122598870056497,942.0
Mt. Hotham,2017,8,8.373925501432664,2.122598870056497,942.0
Mt. Hotham,2017,9,8.373925501432664,2.122598870056497,942.0
Mt. Hotham,2018,1,8.028362573099415,1.6476470588235295,1117.0
Mt. Hotham,2018,10,8.028362573099415,1.6476470588235295,1117.0
Mt. Hotham,2018,11,8.028362573099415,1.6476470588235295,1117.0
Mt. Hotham,2018,12,8.028362573099415,1.6476470588235295,1117.0
Mt. Hotham,2018,13,8.028362573099415,1.6476470588235295,1117.0
Mt. Hotham,2018,14,8.028362573099415,1.6476470588235295,1117.0
Mt. Hotham,2018,15,8.028362573099415,1.6476470588235295,1117.0
Mt. Hotham,2018,2,8.028362573099415,1.6476470588235295,1117.0
Mt. Hotham,2018,3,8.028362573099415,1.6476470588235295,1117.0
Mt. Hotham,2018,4,8.028362573099415,1.6476470588235295,1117.0
Mt. Hotham,2018,5,8.028362573099415,1.6476470588235295,1117.0
Mt. Hotham,2018,6,8.028362573099415,1.6476470588235295,1117.0
Mt. Hotham,2018,7,8.028362573099415,1.6476470588235295,1117.0
Mt. Hotham,2018,8,8.028362573099415,1.6476470588235295,1117.0
Mt. Hotham,2018,9,8.028362573099415,1.6476470588235295,1117.0
Mt. Hotham,2019,1,9.811314984709481,2.9524539877300615,428.0
Mt. Hotham,2019,10,9.811314984709481,2.9524539877300615,428.0
Mt. Hotham,2019,11,9.811314984709481,2.9524539877300615,428.0
Mt. Hotham,2019,12,9.811314984709481,2.9524539877300615,428.0
Mt. Hotham,2019,13,9.811314984709481,2.9524539877300615,428.0
Mt. Hotham,2019,14,9.811314984709481,2.9524539877300615,428.0
Mt. Hotham,2019,15,9.811314984709481,2.9524539877300615,428.0
Mt. Hotham,2019,2,9.811314984709481,2.9524539877300615,428.0
Mt. Hotham,2019,3,9.811314984709481,2.9524539877300615,428.0
Mt. Hotham,2019,4,9.811314984709481,2.9524539877300615,428.0
Mt. Hotham,2019,5,9.811314984709481,2.9524539877300615,428.0
Mt. Hotham,2019,6,9.811314984709481,2.9524539877300615,428.0
Mt. Hotham,2019,7,9.811314984709481,2.9524539877300615,428.0
Mt. Hotham,2019,8,9.811314984709481,2.9524539877300615,428.0
Mt. Hotham,2019,9,9.811314984709481,2.9524539877300615,428.0
Mt. Hotham,2020,1,9.183859649122807,2.382167832167832,848.2
Mt. Hotham,2020,10,9.183859649122807,2.382167832167832,848.2
Mt. Hotham,2020,11,9.183859649122807,2.382167832167832,848.2
Mt. Hotham,2020,12,9.183859649122807,2.382167832167832,848.2
Mt. Hotham,2020,13,9.183859649122807,2.382167832167832,848.2
Mt. Hotham,2020,14,9.183859649122807,2.382167832167832,848.2
Mt. Hotham,2020,15,9.183859649122807,2.382167832167832,848.2
Mt. Hotham,2020,2,9.183859649122807,2.382167832167832,848.2
Mt. Hotham,2020,3,9.183859649122807,2.382167832167832,848.2
Mt. Hotham,2020,4,9.183859649122807,2.382167832167832,848.2
Mt. Hotham,2020,5,9.183859649122807,2.382167832167832,848.2
Mt. Hotham,2020,6,9.183859649122807,2.382167832167832,848.2
Mt. Hotham,2020,7,9.183859649122807,2.382167832167832,848.2
Mt. Hotham,2020,8,9.183859649122807,2.382167832167832,848.2
Mt. Hotham,2020,9,9.183859649122807,2.382167832167832,848.2
Mt. Hotham,2021,1,7.034276729559749,1.3703470031545741,1793.0
Mt. Hotham,2021,10,7.034276729559749,1.3703470031545741,1793.0
Mt. Hotham,2021,11,7.034276729559749,1.3703470031545741,1793.0
Mt. Hotham,2021,12,7.034276729559749,1.3703470031545741,1793.0
Mt. Hotham,2021,13,7.034276729559749,1.3703470031545741,1793.0
Mt. Hotham,2021,14,7.034276729559749,1.3703470031545741,1793.0
Mt. Hotham,2021,15,7.034276729559749,1.3703470031545741,1793.0
Mt. Hotham,2021,2,7.034276729559749,1.3703470031545741,1793.0
Mt. Hotham,2021,3,7.034276729559749,1.3703470031545741,1793.0
Mt. Hotham,2021,4,7.034276729559749,1.3703470031545741,1793.0
Mt. Hotham,2021,5,7.034276729559749,1.3703470031545741,1793.0
Mt. Hotham,2021,6,7.034276729559749,1.3703470031545741,1793.0
Mt. Hotham,2021,7,7.034276729559749,1.3703470031545741,1793.0
Mt. Hotham,2021,8,7.034276729559749,1.3703470031545741,1793.0
Mt. Hotham,2021,9,7.034276729559749,1.3703470031545741,1793.0
Mt. Hotham,2022,1,8.263120567375886,2.4379432624113475,1897.2
Mt. Hotham,2022,10,8.263120567375886,2.4379432624113475,1897.2
Mt. Hotham,2022,11,8.263120567375886,2.4379432624113475,1897.2
Mt. Hotham,2022,12,8.263120567375886,2.4379432624113475,1897.2
Mt. Hotham,2022,13,8.263120567375886,2.4379432624113475,1897.2
Mt. Hotham,2022,14,8.263120567375886,2.4379432624113475,1897.2
Mt. Hotham,2022,15,8.263120567375886,2.4379432624113475,1897.2
Mt. Hotham,2022,2,8.263120567375886,2.4379432624113475,1897.2
Mt. Hotham,2022,3,8.263120567375886,2.4379432624113475,1897.2
Mt. Hotham,2022,4,8.263120567375886,2.4379432624113475,1897.2
Mt. Hotham,2022,5,8.263120567375886,2.4379432624113475,1897.2
Mt. Hotham,2022,6,8.263120567375886,2.4379432624113475,1897.2
Mt. Hotham,2022,7,8.263120567375886,2.4379432624113475,1897.2
Mt. Hotham,2022,8,8.263120567375886,2.4379432624113475,1897.2
Mt. Hotham,2022,9,8.263120567375886,2.4379432624113475,1897.2
Mt. Hotham,2023,1,8.804858299595143,2.7037037037037037,1643.4
Mt. Hotham,2023,10,8.804858299595143,2.7037037037037037,1643.4
Mt. Hotham,2023,11,8.804858299595143,2.7037037037037037,1643.4
Mt. Hotham,2023,12,8.804858299595143,2.7037037037037037,1643.4
Mt. Hotham,2023,13,8.804858299595143,2.7037037037037037,1643.4
Mt. Hotham,2023,14,8.804858299595143,2.7037037037037037,1643.4
Mt. Hotham,2023,15,8.804858299595143,2.7037037037037037,1643.4
Mt. Hotham,2023,2,8.804858299595143,2.7037037037037037,1643.4
Mt. Hotham,2023,3,8.804858299595143,2.7037037037037037,1643.4
Mt. Hotham,2023,4,8.804858299595143,2.7037037037037037,1643.4
Mt. Hotham,2023,5,8.804858299595143,2.7037037037037037,1643.4
Mt. Hotham,2023,6,8.804858299595143,2.7037037037037037,1643.4
Mt. Hotham,2023,7,8.804858299595143,2.7037037037037037,1643.4
Mt. Hotham,2023,8,8.804858299595143,2.7037037037037037,1643.4
Mt. Hotham,2023,9,8.804858299595143,2.7037037037037037,1643.4
Mt. Hotham,2024,1,8.74969696969697,2.1854545454545455,1501.4
Mt. Hotham,2024,10,8.74969696969697,2.1854545454545455,1501.4
Mt. Hotham,2024,11,8.74969696969697,2.1854545454545455,1501.4
Mt. Hotham,2024,12,8.74969696969697,2.1854545454545455,1501.4
Mt. Hotham,2024,13,8.74969696969697,2.1854545454545455,1501.4
Mt. Hotham,2024,14,8.74969696969697,2.1854545454545455,1501.4
Mt. Hotham,2024,15,8.74969696969697,2.1854545454545455,1501.4
Mt. Hotham,2024,2,8.74969696969697,2.1854545454545455,1501.4
Mt. Hotham,2024,3,8.74969696969697,2.1854545454545455,1501.4
Mt. Hotham,2024,4,8.74969696969697,2.1854545454545455,1501.4
Mt. Hotham,2024,5,8.74969696969697,2.1854545454545455,1501.4
Mt. Hotham,2024,6,8.74969696969697,2.1854545454545455,1501.4
Mt. Hotham,2024,7,8.74969696969697,2.1854545454545455,1501.4
Mt. Hotham,2024,8,8.74969696969697,2.1854545454545455,1501.4
Mt. Hotham,2024,9,8.74969696969697,2.1854545454545455,1501.4
Mt. Stirling,2014,1,10.392328767123287,3.664931506849315,1432.0
Mt. Stirling,2014,10,10.392328767123287,3.664931506849315,1432.0
Mt. Stirling,2014,11,10.392328767123287,3.664931506849315,1432.0
Mt. Stirling,2014,12,10.392328767123287,3.664931506849315,1432.0
Mt. Stirling,2014,13,10.392328767123287,3.664931506849315,1432.0
Mt. Stirling,2014,14,10.392328767123287,3.664931506849315,1432.0
Mt. Stirling,2014,15,10.392328767123287,3.664931506849315,1432.0
Mt. Stirling,2014,2,10.392328767123287,3.664931506849315,1432.0
Mt. Stirling,2014,3,10.392328767123287,3.664931506849315,1432.0
Mt. Stirling,2014,4,10.392328767123287,3.664931506849315,1432.0
Mt. Stirling,2014,5,10.392328767123287,3.664931506849315,1432.0
Mt. Stirling,2014,6,10.392328767123287,3.664931506849315,1432.0
Mt. Stirling,2014,7,10.392328767123287,3.664931506849315,1432.0
Mt. Stirling,2014,8,10.392328767123287,3.664931506849315,1432.0
Mt. Stirling,2014,9,10.392328767123287,3.664931506849315,1432.0
Mt. Stirling,2015,1,9.843406593406593,3.0583561643835617,1315.4
Mt. Stirling,2015,10,9.843406593406593,3.0583561643835617,1315.4
Mt. Stirling,2015,11,9.843406593406593,3.0583561643835617,1315.4
Mt. Stirling,2015,12,9.843406593406593,3.0583561643835617,1315.4
Mt. Stirling,2015,13,9.843406593406593,3.0583561643835617,1315.4
Mt. Stirling,2015,14,9.843406593406593,3.0583561643835617,1315.4
Mt. Stirling,2015,15,9.843406593406593,3.0583561643835617,1315.4
Mt. Stirling,2015,2,9.843406593406593,3.0583561643835617,1315.4
Mt. Stirling,2015,3,9.843406593406593,3.0583561643835617,1315.4
Mt. Stirling,2015,4,9.843406593406593,3.0583561643835617,1315.4
Mt. Stirling,2015,5,9.843406593406593,3.0583561643835617,1315.4
Mt. Stirling,2015,6,9.843406593406593,3.0583561643835617,1315.4
Mt. Stirling,2015,7,9.843406593406593,3.0583561643835617,1315.4
Mt. Stirling,2015,8,9.843406593406593,3.0583561643835617,1315.4
Mt. Stirling,2015,9,9.843406593406593,3.0583561643835617,1315.4
Mt. Stirling,2016,1,9.623415977961432,3.2520661157024793,2105.0
Mt. Stirling,2016,10,9.623415977961432,3.2520661157024793,2105.0
Mt. Stirling,2016,11,9.623415977961432,3.2520661157024793,2105.0
Mt. Stirling,2016,12,9.623415977961432,3.2520661157024793,2105.0
Mt. Stirling,2016,13,9.623415977961432,3.2520661157024793,2105.0
Mt. Stirling,2016,14,9.623415977961432,3.2520661157024793,2105.0
Mt. Stirling,2016,15,9.623415977961432,3.2520661157024793,2105.0
Mt. Stirling,2016,2,9.623415977961432,3.2520661157024793,2105.0
Mt. Stirling,2016,3,9.623415977961432,3.2520661157024793,2105.0
Mt. Stirling,2016,4,9.623415977961432,3.2520661157024793,2105.0
Mt. Stirling,2016,5,9.623415977961432,3.2520661157024793,2105.0
Mt. Stirling,2016,6,9.623415977961432,3.2520661157024793,2105.0
Mt. Stirling,2016,7,9.623415977961432,3.2520661157024793,2105.0
Mt. Stirling,2016,8,9.623415977961432,3.2520661157024793,2105.0
Mt. Stirling,2016,9,9.623415977961432,3.2520661157024793,2105.0
Mt. Stirling,2017,1,9.603571428571428,3.1693150684931504,1790.0
Mt. Stirling,2017,10,9.603571428571428,3.1693150684931504,1790.0
Mt. Stirling,2017,11,9.603571428571428,3.1693150684931504,1790.0
Mt. Stirling,2017,12,9.603571428571428,3.1693150684931504,1790.0
Mt. Stirling,2017,13,9.603571428571428,3.1693150684931504,1790.0
Mt. Stirling,2017,14,9.603571428571428,3.1693150684931504,1790.0
Mt. Stirling,2017,15,9.603571428571428,3.1693150684931504,1790.0
Mt. Stirling,2017,2,9.603571428571428,3.1693150684931504,1790.0
Mt. Stirling,2017,3,9.603571428571428,3.1693150684931504,1790.0
Mt. Stirling,2017,4,9.603571428571428,3.1693150684931504,1790.0
Mt. Stirling,2017,5,9.603571428571428,3.1693150684931504,1790.0
Mt. Stirling,2017,6,9.603571428571428,3.1693150684931504,1790.0
Mt. Stirling,2017,7,9.603571428571428,3.1693150684931504,1790.0
Mt. Stirling,2017,8,9.603571428571428,3.1693150684931504,1790.0
Mt. Stirling,2017,9,9.603571428571428,3.1693150684931504,1790.0
Mt. Stirling,2018,1,9.756164383561643,3.107967032967033,1399.4
Mt. Stirling,2018,10,9.756164383561643,3.107967032967033,1399.4
Mt. Stirling,2018,11,9.756164383561643,3.107967032967033,1399.4
Mt. Stirling,2018,12,9.756164383561643,3.107967032967033,1399.4
Mt. Stirling,2018,13,9.756164383561643,3.107967032967033,1399.4
Mt. Stirling,2018,14,9.756164383561643,3.107967032967033,1399.4
Mt. Stirling,2018,15,9.756164383561643,3.107967032967033,1399.4
Mt. Stirling,2018,2,9.756164383561643,3.107967032967033,1399.4
Mt. Stirling,2018,3,9.756164383561643,3.107967032967033,1399.4
Mt. Stirling,2018,4,9.756164383561643,3.107967032967033,1399.4
Mt. Stirling,2018,5,9.756164383561643,3.107967032967033,1399.4
Mt. Stirling,2018,6,9.756164383561643,3.107967032967033,1399.4
Mt. Stirling,2018,7,9.756164383561643,3.107967032967033,1399.4
Mt. Stirling,2018,8,9.756164383561643,3.107967032967033,1399.4
Mt. Stirling,2018,9,9.756164383561643,3.107967032967033,1399.4
Mt. Stirling,2019,1,10.120821917808218,3.3128767123287672,1422.6
Mt. Stirling,2019,10,10.120821917808218,3.3128767123287672,1422.6
Mt. Stirling,2019,11,10.120821917808218,3.3128767123287672,1422.6
Mt. Stirling,2019,12,10.120821917808218,3.3128767123287672,1422.6
Mt. Stirling,2019,13,10.120821917808218,3.3128767123287672,1422.6
Mt. Stirling,2019,14,10.120821917808218,3.3128767123287672,1422.6
Mt. Stirling,2019,15,10.120821917808218,3.3128767123287672,1422.6
Mt. Stirling,2019,2,10.120821917808218,3.3128767123287672,1422.6
Mt. Stirling,2019,3,10.120821917808218,3.3128767123287672,1422.6
Mt. Stirling,2019,4,10.120821917808218,3.3128767123287672,1422.6
Mt. Stirling,2019,5,10.120821917808218,3.3128767123287672,1422.6
Mt. Stirling,2019,6,10.120821917808218,3.3128767123287672,1422.6
Mt. Stirling,2019,7,10.120821917808218,3.3128767123287672,1422.6
Mt. Stirling,2019,8,10.120821917808218,3.3128767123287672,1422.6
Mt. Stirling,2019,9,10.120821917808218,3.3128767123287672,1422.6
Mt. Stirling,2020,1,9.442465753424658,2.9989010989010985,1699.2
Mt. Stirling,2020,10,9.442465753424658,2.9989010989010985,1699.2
Mt. Stirling,2020,11,9.442465753424658,2.9989010989010985,1699.2
Mt. Stirling,2020,12,9.442465753424658,2.9989010989010985,1699.2
Mt. Stirling,2020,13,9.442465753424658,2.9989010989010985,1699.2
Mt. Stirling,2020,14,9.442465753424658,2.9989010989010985,1699.2
Mt. Stirling,2020,15,9.442465753424658,2.9989010989010985,1699.2
Mt. Stirling,2020,2,9.442465753424658,2.9989010989010985,1699.2
Mt. Stirling,2020,3,9.442465753424658,2.9989010989010985,1699.2
Mt. Stirling,2020,4,9.442465753424658,2.9989010989010985,1699.2
Mt. Stirling,2020,5,9.442465753424658,2.9989010989010985,1699.2
Mt. Stirling,2020,6,9.442465753424658,2.9989010989010985,1699.2
Mt. Stirling,2020,7,9.442465753424658,2.9989010989010985,1699.2
Mt. Stirling,2020,8,9.442465753424658,2.9989010989010985,1699.2
Mt. Stirling,2020,9,9.442465753424658,2.9989010989010985,1699.2
Mt. Stirling,2021,1,8.582967032967032,2.4824657534246577,1257.6
Mt. Stirling,2021,10,8.582967032967032,2.4824657534246577,1257.6
Mt. Stirling,2021,11,8.582967032967032,2.4824657534246577,1257.6
Mt. Stirling,2021,12,8.582967032967032,2.4824657534246577,1257.6
Mt. Stirling,2021,13,8.582967032967032,2.4824657534246577,1257.6
Mt. Stirling,2021,14,8.582967032967032,2.4824657534246577,1257.6
Mt. Stirling,2021,15,8.582967032967032,2.4824657534246577,1257.6
Mt. Stirling,2021,2,8.582967032967032,2.4824657534246577,1257.6
Mt. Stirling,2021,3,8.582967032967032,2.4824657534246577,1257.6
Mt. Stirling,2021,4,8.582967032967032,2.4824657534246577,1257.6
Mt. Stirling,2021,5,8.582967032967032,2.4824657534246577,1257.6
Mt. Stirling,2021,6,8.582967032967032,2.4824657534246577,1257.6
Mt. Stirling,2021,7,8.582967032967032,2.4824657534246577,1257.6
Mt. Stirling,2021,8,8.582967032967032,2.4824657534246577,1257.6
Mt. Stirling,2021,9,8.582967032967032,2.4824657534246577,1257.6
Mt. Stirling,2022,1,8.429945054945055,2.755616438356164,2241.2
Mt. Stirling,2022,10,8.429945054945055,2.755616438356164,2241.2
Mt. Stirling,2022,11,8.429945054945055,2.755616438356164,2241.2
Mt. Stirling,2022,12,8.429945054945055,2.755616438356164,2241.2
Mt. Stirling,2022,13,8.429945054945055,2.755616438356164,2241.2
Mt. Stirling,2022,14,8.429945054945055,2.755616438356164,2241.2
Mt. Stirling,2022,15,8.429945054945055,2.755616438356164,2241.2
Mt. Stirling,2022,2,8.429945054945055,2.755616438356164,2241.2
Mt. Stirling,2022,3,8.429945054945055,2.755616438356164,2241.2
Mt. Stirling,2022,4,8.429945054945055,2.755616438356164,2241.2
Mt. Stirling,2022,5,8.429945054945055,2.755616438356164,2241.2
Mt. Stirling,2022,6,8.429945054945055,2.755616438356164,2241.2
Mt. Stirling,2022,7,8.429945054945055,2.755616438356164,2241.2
Mt. Stirling,2022,8,8.429945054945055,2.755616438356164,2241.2
Mt. Stirling,2022,9,8.429945054945055,2.755616438356164,2241.2
Mt. Stirling,2023,1,9.773756906077347,3.346301369863014,1716.4
Mt. Stirling,2023,10,9.773756906077347,3.346301369863014,1716.4
Mt. Stirling,2023,11,9.773756906077347,3.346301369863014,1716.4
Mt. Stirling,2023,12,9.773756906077347,3.346301369863014,1716.4
Mt. Stirling,2023,13,9.773756906077347,3.346301369863014,1716.4
Mt. Stirling,2023,14,9.773756906077347,3.346301369863014,1716.4
Mt. Stirling,2023,15,9.773756906077347,3.346301369863014,1716.4
Mt. Stirling,2023,2,9.773756906077347,3.346301369863014,1716.4
Mt. Stirling,2023,3,9.773756906077347,3.346301369863014,1716.4
Mt. Stirling,2023,4,9.773756906077347,3.346301369863014,1716.4
Mt. Stirling,2023,5,9.773756906077347,3.346301369863014,1716.4
Mt. Stirling,2023,6,9.773756906077347,3.346301369863014,1716.4
Mt. Stirling,2023,7,9.773756906077347,3.346301369863014,1716.4
Mt. Stirling,2023,8,9.773756906077347,3.346301369863014,1716.4
Mt. Stirling,2023,9,9.773756906077347,3.346301369863014,1716.4
Mt. Stirling,2024,1,10.530362116991643,3.7481894150417823,1346.2
Mt. Stirling,2024,10,10.530362116991643,3.7481894150417823,1346.2
Mt. Stirling,2024,11,10.530362116991643,3.7481894150417823,1346.2
Mt. Stirling,2024,12,10.530362116991643,3.7481894150417823,1346.2
Mt. Stirling,2024,13,10.530362116991643,3.7481894150417823,1346.2
Mt. Stirling,2024,14,10.530362116991643,3.7481894150417823,1346.2
Mt. Stirling,2024,15,10.530362116991643,3.7481894150417823,1346.2
Mt. Stirling,2024,2,10.530362116991643,3.7481894150417823,1346.2
Mt. Stirling,2024,3,10.530362116991643,3.7481894150417823,1346.2
Mt. Stirling,2024,4,10.530362116991643,3.7481894150417823,1346.2
Mt. Stirling,2024,5,10.530362116991643,3.7481894150417823,1346.2
Mt. Stirling,2024,6,10.530362116991643,3.7481894150417823,1346.2
Mt. Stirling,2024,7,10.530362116991643,3.7481894150417823,1346.2
Mt. Stirling,2024,8,10.530362116991643,3.7481894150417823,1346.2
Mt. Stirling,2024,9,10.530362116991643,3.7481894150417823,1346.2
Perisher,2014,1,11.65252808988764,1.6256983240223464,2117.6
Perisher,2014,10,11.65252808988764,1.6256983240223464,2117.6
Perisher,2014,11,11.65252808988764,1.6256983240223464,2117.6
Perisher,2014,12,11.65252808988764,1.6256983240223464,2117.6
Perisher,2014,13,11.65252808988764,1.6256983240223464,2117.6
Perisher,2014,14,11.65252808988764,1.6256983240223464,2117.6
Perisher,2014,15,11.65252808988764,1.6256983240223464,2117.6
Perisher,2014,2,11.65252808988764,1.6256983240223464,2117.6
Perisher,2014,3,11.65252808988764,1.6256983240223464,2117.6
Perisher,2014,4,11.65252808988764,1.6256983240223464,2117.6
Perisher,2014,5,11.65252808988764,1.6256983240223464,2117.6
Perisher,2014,6,11.65252808988764,1.6256983240223464,2117.6
Perisher,2014,7,11.65252808988764,1.6256983240223464,2117.6
Perisher,2014,8,11.65252808988764,1.6256983240223464,2117.6
Perisher,2014,9,11.65252808988764,1.6256983240223464,2117.6
Perisher,2015,1,11.247397260273972,1.1893150684931506,1642.6
Perisher,2015,10,11.247397260273972,1.1893150684931506,1642.6
Perisher,2015,11,11.247397260273972,1.1893150684931506,1642.6
Perisher,2015,12,11.247397260273972,1.1893150684931506,1642.6
Perisher,2015,13,11.247397260273972,1.1893150684931506,1642.6
Perisher,2015,14,11.247397260273972,1.1893150684931506,1642.6
Perisher,2015,15,11.247397260273972,1.1893150684931506,1642.6
Perisher,2015,2,11.247397260273972,1.1893150684931506,1642.6
Perisher,2015,3,11.247397260273972,1.1893150684931506,1642.6
Perisher,2015,4,11.247397260273972,1.1893150684931506,1642.6
Perisher,2015,5,11.247397260273972,1.1893150684931506,1642.6
Perisher,2015,6,11.247397260273972,1.1893150684931506,1642.6
Perisher,2015,7,11.247397260273972,1.1893150684931506,1642.6
Perisher,2015,8,11.247397260273972,1.1893150684931506,1642.6
Perisher,2015,9,11.247397260273972,1.1893150684931506,1642.6
Perisher,2016,1,10.990384615384615,2.0284931506849313,2928.0
Perisher,2016,10,10.990384615384615,2.0284931506849313,2928.0
Perisher,2016,11,10.990384615384615,2.0284931506849313,2928.0
Perisher,2016,12,10.990384615384615,2.0284931506849313,2928.0
Perisher,2016,13,10.990384615384615,2.0284931506849313,2928.0
Perisher,2016,14,10.990384615384615,2.0284931506849313,2928.0
Perisher,2016,15,10.990384615384615,2.0284931506849313,2928.0
Perisher,2016,2,10.990384615384615,2.0284931506849313,2928.0
Perisher,2016,3,10.990384615384615,2.0284931506849313,2928.0
Perisher,2016,4,10.990384615384615,2.0284931506849313,2928.0
Perisher,2016,5,10.990384615384615,2.0284931506849313,2928.0
Perisher,2016,6,10.990384615384615,2.0284931506849313,2928.0
Perisher,2016,7,10.990384615384615,2.0284931506849313,2928.0
Perisher,2016,8,10.990384615384615,2.0284931506849313,2928.0
Perisher,2016,9,10.990384615384615,2.0284931506849313,2928.0
Perisher,2017,1,11.123229461756374,0.9509915014164305,1654.2
Perisher,2017,10,11.123229461756374,0.9509915014164305,1654.2
Perisher,2017,11,11.123229461756374,0.9509915014164305,1654.2
Perisher,2017,12,11.123229461756374,0.9509915014164305,1654.2
Perisher,2017,13,11.123229461756374,0.9509915014164305,1654.2
Perisher,2017,14,11.123229461756374,0.9509915014164305,1654.2
Perisher,2017,15,11.123229461756374,0.9509915014164305,1654.2
Perisher,2017,2,11.123229461756374,0.9509915014164305,1654.2
Perisher,2017,3,11.123229461756374,0.9509915014164305,1654.2
Perisher,2017,4,11.123229461756374,0.9509915014164305,1654.2
Perisher,2017,5,11.123229461756374,0.9509915014164305,1654.2
Perisher,2017,6,11.123229461756374,0.9509915014164305,1654.2
Perisher,2017,7,11.123229461756374,0.9509915014164305,1654.2
Perisher,2017,8,11.123229461756374,0.9509915014164305,1654.2
Perisher,2017,9,11.123229461756374,0.9509915014164305,1654.2
Perisher,2018,1,11.335342465753424,1.043013698630137,1697.4
Perisher,2018,10,11.335342465753424,1.043013698630137,1697.4
Perisher,2018,11,11.335342465753424,1.043013698630137,1697.4
Perisher,2018,12,11.335342465753424,1.043013698630137,1697.4
Perisher,2018,13,11.335342465753424,1.043013698630137,1697.4
Perisher,2018,14,11.335342465753424,1.043013698630137,1697.4
Perisher,2018,15,11.335342465753424,1.043013698630137,1697.4
Perisher,2018,2,11.335342465753424,1.043013698630137,1697.4
Perisher,2018,3,11.335342465753424,1.043013698630137,1697.4
Perisher,2018,4,11.335342465753424,1.043013698630137,1697.4
Perisher,2018,5,11.335342465753424,1.043013698630137,1697.4
Perisher,2018,6,11.335342465753424,1.043013698630137,1697.4
Perisher,2018,7,11.335342465753424,1.043013698630137,1697.4
Perisher,2018,8,11.335342465753424,1.043013698630137,1697.4
Perisher,2018,9,11.335342465753424,1.043013698630137,1697.4
Perisher,2019,1,11.815151515151515,1.5227397260273972,1627.2
Perisher,2019,10,11.815151515151515,1.5227397260273972,1627.2
Perisher,2019,11,11.815151515151515,1.5227397260273972,1627.2
Perisher,2019,12,11.815151515151515,1.5227397260273972,1627.2
Perisher,2019,13,11.815151515151515,1.5227397260273972,1627.2
Perisher,2019,14,11.815151515151515,1.5227397260273972,1627.2
Perisher,2019,15,11.815151515151515,1.5227397260273972,1627.2
Perisher,2019,2,11.815151515151515,1.5227397260273972,1627.2
Perisher,2019,3,11.815151515151515,1.5227397260273972,1627.2
Perisher,2019,4,11.815151515151515,1.5227397260273972,1627.2
Perisher,2019,5,11.815151515151515,1.5227397260273972,1627.2
Perisher,2019,6,11.815151515151515,1.5227397260273972,1627.2
Perisher,2019,7,11.815151515151515,1.5227397260273972,1627.2
Perisher,2019,8,11.815151515151515,1.5227397260273972,1627.2
Perisher,2019,9,11.815151515151515,1.5227397260273972,1627.2
Perisher,2020,1,11.077808219178083,1.4936986301369863,2225.0
Perisher,2020,10,11.077808219178083,1.4936986301369863,2225.0
Perisher,2020,11,11.077808219178083,1.4936986301369863,2225.0
Perisher,2020,12,11.077808219178083,1.4936986301369863,2225.0
Perisher,2020,13,11.077808219178083,1.4936986301369863,2225.0
Perisher,2020,14,11.077808219178083,1.4936986301369863,2225.0
Perisher,2020,15,11.077808219178083,1.4936986301369863,2225.0
Perisher,2020,2,11.077808219178083,1.4936986301369863,2225.0
Perisher,2020,3,11.077808219178083,1.4936986301369863,2225.0
Perisher,2020,4,11.077808219178083,1.4936986301369863,2225.0
Perisher,2020,5,11.077808219178083,1.4936986301369863,2225.0
Perisher,2020,6,11.077808219178083,1.4936986301369863,2225.0
Perisher,2020,7,11.077808219178083,1.4936986301369863,2225.0
Perisher,2020,8,11.077808219178083,1.4936986301369863,2225.0
Perisher,2020,9,11.077808219178083,1.4936986301369863,2225.0
Perisher,2021,1,10.003591160220996,0.9424242424242425,2582.2
Perisher,2021,10,10.003591160220996,0.9424242424242425,2582.2
Perisher,2021,11,10.003591160220996,0.9424242424242425,2582.2
Perisher,2021,12,10.003591160220996,0.9424242424242425,2582.2
Perisher,2021,13,10.003591160220996,0.9424242424242425,2582.2
Perisher,2021,14,10.003591160220996,0.9424242424242425,2582.2
Perisher,2021,15,10.003591160220996,0.9424242424242425,2582.2
Perisher,2021,2,10.003591160220996,0.9424242424242425,2582.2
Perisher,2021,3,10.003591160220996,0.9424242424242425,2582.2
Perisher,2021,4,10.003591160220996,0.9424242424242425,2582.2
Perisher,2021,5,10.003591160220996,0.9424242424242425,2582.2
Perisher,2021,6,10.003591160220996,0.9424242424242425,2582.2
Perisher,2021,7,10.003591160220996,0.9424242424242425,2582.2
Perisher,2021,8,10.003591160220996,0.9424242424242425,2582.2
Perisher,2021,9,10.003591160220996,0.9424242424242425,2582.2
Perisher,2022,1,9.517478510028653,1.028,2835.0
Perisher,2022,10,9.517478510028653,1.028,2835.0
Perisher,2022,11,9.517478510028653,1.028,2835.0
Perisher,2022,12,9.517478510028653,1.028,2835.0
Perisher,2022,13,9.517478510028653,1.028,2835.0
Perisher,2022,14,9.517478510028653,1.028,2835.0
Perisher,2022,15,9.517478510028653,1.028,2835.0
Perisher,2022,2,9.517478510028653,1.028,2835.0
Perisher,2022,3,9.517478510028653,1.028,2835.0
Perisher,2022,4,9.517478510028653,1.028,2835.0
Perisher,2022,5,9.517478510028653,1.028,2835.0
Perisher,2022,6,9.517478510028653,1.028,2835.0
Perisher,2022,7,9.517478510028653,1.028,2835.0
Perisher,2022,8,9.517478510028653,1.028,2835.0
Perisher,2022,9,9.517478510028653,1.028,2835.0
Perisher,2023,1,11.472876712328768,1.7139726027397262,1960.2
Perisher,2023,10,11.472876712328768,1.7139726027397262,1960.2
Perisher,2023,11,11.472876712328768,1.7139726027397262,1960.2
Perisher,2023,12,11.472876712328768,1.7139726027397262,1960.2
Perisher,2023,13,11.472876712328768,1.7139726027397262,1960.2
Perisher,2023,14,11.472876712328768,1.7139726027397262,1960.2
Perisher,2023,15,11.472876712328768,1.7139726027397262,1960.2
Perisher,2023,2,11.472876712328768,1.7139726027397262,1960.2
Perisher,2023,3,11.472876712328768,1.7139726027397262,1960.2
Perisher,2023,4,11.472876712328768,1.7139726027397262,1960.2
Perisher,2023,5,11.472876712328768,1.7139726027397262,1960.2
Perisher,2023,6,11.472876712328768,1.7139726027397262,1960.2
Perisher,2023,7,11.472876712328768,1.7139726027397262,1960.2
Perisher,2023,8,11.472876712328768,1.7139726027397262,1960.2
Perisher,2023,9,11.472876712328768,1.7139726027397262,1960.2
Perisher,2024,1,12.140384615384617,1.9417582417582417,1610.0
Perisher,2024,10,12.140384615384617,1.9417582417582417,1610.0
Perisher,2024,11,12.140384615384617,1.9417582417582417,1610.0
Perisher,2024,12,12.140384615384617,1.9417582417582417,1610.0
Perisher,2024,13,12.140384615384617,1.9417582417582417,1610.0
Perisher,2024,14,12.140384615384617,1.9417582417582417,1610.0
Perisher,2024,15,12.140384615384617,1.9417582417582417,1610.0
Perisher,2024,2,12.140384615384617,1.9417582417582417,1610.0
Perisher,2024,3,12.140384615384617,1.9417582417582417,1610.0
Perisher,2024,4,12.140384615384617,1.9417582417582417,1610.0
Perisher,2024,5,12.140384615384617,1.9417582417582417,1610.0
Perisher,2024,6,12.140384615384617,1.9417582417582417,1610.0
Perisher,2024,7,12.140384615384617,1.9417582417582417,1610.0
Perisher,2024,8,12.140384615384617,1.9417582417582417,1610.0
Perisher,2024,9,12.140384615384617,1.9417582417582417,1610.0
Selwyn,2014,1,13.25095890410959,5.766849315068494,1209.6
Selwyn,2014,10,13.25095890410959,5.766849315068494,1209.6
Selwyn,2014,11,13.25095890410959,5.766849315068494,1209.6
Selwyn,2014,12,13.25095890410959,5.766849315068494,1209.6
Selwyn,2014,13,13.25095890410959,5.766849315068494,1209.6
Selwyn,2014,14,13.25095890410959,5.766849315068494,1209.6
Selwyn,2014,15,13.25095890410959,5.766849315068494,1209.6
Selwyn,2014,2,13.25095890410959,5.766849315068494,1209.6
Selwyn,2014,3,13.25095890410959,5.766849315068494,1209.6
Selwyn,2014,4,13.25095890410959,5.766849315068494,1209.6
Selwyn,2014,5,13.25095890410959,5.766849315068494,1209.6
Selwyn,2014,6,13.25095890410959,5.766849315068494,1209.6
Selwyn,2014,7,13.25095890410959,5.766849315068494,1209.6
Selwyn,2014,8,13.25095890410959,5.766849315068494,1209.6
Selwyn,2014,9,13.25095890410959,5.766849315068494,1209.6
Selwyn,2015,1,12.600560224089635,5.185154061624649,1114.8
Selwyn,2015,10,12.600560224089635,5.185154061624649,1114.8
Selwyn,2015,11,12.600560224089635,5.185154061624649,1114.8
Selwyn,2015,12,12.600560224089635,5.185154061624649,1114.8
Selwyn,2015,13,12.600560224089635,5.185154061624649,1114.8
Selwyn,2015,14,12.600560224089635,5.185154061624649,1114.8
Selwyn,2015,15,12.600560224089635,5.185154061624649,1114.8
Selwyn,2015,2,12.600560224089635,5.185154061624649,1114.8
Selwyn,2015,3,12.600560224089635,5.185154061624649,1114.8
Selwyn,2015,4,12.600560224089635,5.185154061624649,1114.8
Selwyn,2015,5,12.600560224089635,5.185154061624649,1114.8
Selwyn,2015,6,12.600560224089635,5.185154061624649,1114.8
Selwyn,2015,7,12.600560224089635,5.185154061624649,1114.8
Selwyn,2015,8,12.600560224089635,5.185154061624649,1114.8
Selwyn,2015,9,12.600560224089635,5.185154061624649,1114.8
Selwyn,2016,1,12.404098360655738,5.399453551912568,1634.4
Selwyn,2016,10,12.404098360655738,5.399453551912568,1634.4
Selwyn,2016,11,12.404098360655738,5.399453551912568,1634.4
Selwyn,2016,12,12.404098360655738,5.399453551912568,1634.4
Selwyn,2016,13,12.404098360655738,5.399453551912568,1634.4
Selwyn,2016,14,12.404098360655738,5.399453551912568,1634.4
Selwyn,2016,15,12.404098360655738,5.399453551912568,1634.4
Selwyn,2016,2,12.404098360655738,5.399453551912568,1634.4
Selwyn,2016,3,12.404098360655738,5.399453551912568,1634.4
Selwyn,2016,4,12.404098360655738,5.399453551912568,1634.4
Selwyn,2016,5,12.404098360655738,5.399453551912568,1634.4
Selwyn,2016,6,12.404098360655738,5.399453551912568,1634.4
Selwyn,2016,7,12.404098360655738,5.399453551912568,1634.4
Selwyn,2016,8,12.404098360655738,5.399453551912568,1634.4
Selwyn,2016,9,12.404098360655738,5.399453551912568,1634.4
Selwyn,2017,1,12.593150684931507,5.315068493150685,1384.0
Selwyn,2017,10,12.593150684931507,5.315068493150685,1384.0
Selwyn,2017,11,12.593150684931507,5.315068493150685,1384.0
Selwyn,2017,12,12.593150684931507,5.315068493150685,1384.0
Selwyn,2017,13,12.593150684931507,5.315068493150685,1384.0
Selwyn,2017,14,12.593150684931507,5.315068493150685,1384.0
Selwyn,2017,15,12.593150684931507,5.315068493150685,1384.0
Selwyn,2017,2,12.593150684931507,5.315068493150685,1384.0
Selwyn,2017,3,12.593150684931507,5.315068493150685,1384.0
Selwyn,2017,4,12.593150684931507,5.315068493150685,1384.0
Selwyn,2017,5,12.593150684931507,5.315068493150685,1384.0
Selwyn,2017,6,12.593150684931507,5.315068493150685,1384.0
Selwyn,2017,7,12.593150684931507,5.315068493150685,1384.0
Selwyn,2017,8,12.593150684931507,5.315068493150685,1384.0
Selwyn,2017,9,12.593150684931507,5.315068493150685,1384.0
Selwyn,2018,1,12.885205479452056,5.389041095890411,1204.0
Selwyn,2018,10,12.885205479452056,5.389041095890411,1204.0
Selwyn,2018,11,12.885205479452056,5.389041095890411,1204.0
Selwyn,2018,12,12.885205479452056,5.389041095890411,1204.0
Selwyn,2018,13,12.885205479452056,5.389041095890411,1204.0
Selwyn,2018,14,12.885205479452056,5.389041095890411,1204.0
Selwyn,2018,15,12.885205479452056,5.389041095890411,1204.0
Selwyn,2018,2,12.885205479452056,5.389041095890411,1204.0
Selwyn,2018,3,12.885205479452056,5.389041095890411,1204.0
Selwyn,2018,4,12.885205479452056,5.389041095890411,1204.0
Selwyn,2018,5,12.885205479452056,5.389041095890411,1204.0
Selwyn,2018,6,12.885205479452056,5.389041095890411,1204.0
Selwyn,2018,7,12.885205479452056,5.389041095890411,1204.0
Selwyn,2018,8,12.885205479452056,5.389041095890411,1204.0
Selwyn,2018,9,12.885205479452056,5.389041095890411,1204.0
Selwyn,2019,1,13.302465753424656,5.591506849315069,1017.2
Selwyn,2019,10,13.302465753424656,5.591506849315069,1017.2
Selwyn,2019,11,13.302465753424656,5.591506849315069,1017.2
Selwyn,2019,12,13.302465753424656,5.591506849315069,1017.2
Selwyn,2019,13,13.302465753424656,5.591506849315069,1017.2
Selwyn,2019,14,13.302465753424656,5.591506849315069,1017.2
Selwyn,2019,15,13.302465753424656,5.591506849315069,1017.2
Selwyn,2019,2,13.302465753424656,5.591506849315069,1017.2
Selwyn,2019,3,13.302465753424656,5.591506849315069,1017.2
Selwyn,2019,4,13.302465753424656,5.591506849315069,1017.2
Selwyn,2019,5,13.302465753424656,5.591506849315069,1017.2
Selwyn,2019,6,13.302465753424656,5.591506849315069,1017.2
Selwyn,2019,7,13.302465753424656,5.591506849315069,1017.2
Selwyn,2019,8,13.302465753424656,5.591506849315069,1017.2
Selwyn,2019,9,13.302465753424656,5.591506849315069,1017.2
Selwyn,2020,1,12.824852071005918,5.6287390029325515,1400.6
Selwyn,2020,10,12.824852071005918,5.6287390029325515,1400.6
Selwyn,2020,11,12.824852071005918,5.6287390029325515,1400.6
Selwyn,2020,12,12.824852071005918,5.6287390029325515,1400.6
Selwyn,2020,13,12.824852071005918,5.6287390029325515,1400.6
Selwyn,2020,14,12.824852071005918,5.6287390029325515,1400.6
Selwyn,2020,15,12.824852071005918,5.6287390029325515,1400.6
Selwyn,2020,2,12.824852071005918,5.6287390029325515,1400.6
Selwyn,2020,3,12.824852071005918,5.6287390029325515,1400.6
Selwyn,2020,4,12.824852071005918,5.6287390029325515,1400.6
Selwyn,2020,5,12.824852071005918,5.6287390029325515,1400.6
Selwyn,2020,6,12.824852071005918,5.6287390029325515,1400.6
Selwyn,2020,7,12.824852071005918,5.6287390029325515,1400.6
Selwyn,2020,8,12.824852071005918,5.6287390029325515,1400.6
Selwyn,2020,9,12.824852071005918,5.6287390029325515,1400.6
Selwyn,2021,1,11.403835616438355,4.543561643835616,1919.4
Selwyn,2021,10,11.403835616438355,4.543561643835616,1919.4
Selwyn,2021,11,11.403835616438355,4.543561643835616,1919.4
Selwyn,2021,12,11.403835616438355,4.543561643835616,1919.4
Selwyn,2021,13,11.403835616438355,4.543561643835616,1919.4
Selwyn,2021,14,11.403835616438355,4.543561643835616,1919.4
Selwyn,2021,15,11.403835616438355,4.543561643835616,1919.4
Selwyn,2021,2,11.403835616438355,4.543561643835616,1919.4
Selwyn,2021,3,11.403835616438355,4.543561643835616,1919.4
Selwyn,2021,4,11.403835616438355,4.543561643835616,1919.4
Selwyn,2021,5,11.403835616438355,4.543561643835616,1919.4
Selwyn,2021,6,11.403835616438355,4.543561643835616,1919.4
Selwyn,2021,7,11.403835616438355,4.543561643835616,1919.4
Selwyn,2021,8,11.403835616438355,4.543561643835616,1919.4
Selwyn,2021,9,11.403835616438355,4.543561643835616,1919.4
Selwyn,2022,1,11.131868131868131,4.6173553719008265,1717.6
Selwyn,2022,10,11.131868131868131,4.6173553719008265,1717.6
Selwyn,2022,11,11.131868131868131,4.6173553719008265,1717.6
Selwyn,2022,12,11.131868131868131,4.6173553719008265,1717.6
Selwyn,2022,13,11.131868131868131,4.6173553719008265,1717.6
Selwyn,2022,14,11.131868131868131,4.6173553719008265,1717.6
Selwyn,2022,15,11.131868131868131,4.6173553719008265,1717.6
Selwyn,2022,2,11.131868131868131,4.6173553719008265,1717.6
Selwyn,2022,3,11.131868131868131,4.6173553719008265,1717.6
Selwyn,2022,4,11.131868131868131,4.6173553719008265,1717.6
Selwyn,2022,5,11.131868131868131,4.6173553719008265,1717.6
Selwyn,2022,6,11.131868131868131,4.6173553719008265,1717.6
Selwyn,2022,7,11.131868131868131,4.6173553719008265,1717.6
Selwyn,2022,8,11.131868131868131,4.6173553719008265,1717.6
Selwyn,2022,9,11.131868131868131,4.6173553719008265,1717.6
Selwyn,2023,1,12.606478873239437,5.405833333333333,1244.8
Selwyn,2023,10,12.606478873239437,5.405833333333333,1244.8
Selwyn,2023,11,12.606478873239437,5.405833333333333,1244.8
Selwyn,2023,12,12.606478873239437,5.405833333333333,1244.8
Selwyn,2023,13,12.606478873239437,5.405833333333333,1244.8
Selwyn,2023,14,12.606478873239437,5.405833333333333,1244.8
Selwyn,2023,15,12.606478873239437,5.405833333333333,1244.8
Selwyn,2023,2,12.606478873239437,5.405833333333333,1244.8
Selwyn,2023,3,12.606478873239437,5.405833333333333,1244.8
Selwyn,2023,4,12.606478873239437,5.405833333333333,1244.8
Selwyn,2023,5,12.606478873239437,5.405833333333333,1244.8
Selwyn,2023,6,12.606478873239437,5.405833333333333,1244.8
Selwyn,2023,7,12.606478873239437,5.405833333333333,1244.8
Selwyn,2023,8,12.606478873239437,5.405833333333333,1244.8
Selwyn,2023,9,12.606478873239437,5.405833333333333,1244.8
Selwyn,2024,1,13.528021978021977,5.867127071823204,1056.6
Selwyn,2024,10,13.528021978021977,5.867127071823204,1056.6
Selwyn,2024,11,13.528021978021977,5.867127071823204,1056.6
Selwyn,2024,12,13.528021978021977,5.867127071823204,1056.6
Selwyn,2024,13,13.528021978021977,5.867127071823204,1056.6
Selwyn,2024,14,13.528021978021977,5.867127071823204,1056.6
Selwyn,2024,15,13.528021978021977,5.867127071823204,1056.6
Selwyn,2024,2,13.528021978021977,5.867127071823204,1056.6
Selwyn,2024,3,13.528021978021977,5.867127071823204,1056.6
Selwyn,2024,4,13.528021978021977,5.867127071823204,1056.6
Selwyn,2024,5,13.528021978021977,5.867127071823204,1056.6
Selwyn,2024,6,13.528021978021977,5.867127071823204,1056.6
Selwyn,2024,7,13.528021978021977,5.867127071823204,1056.6
Selwyn,2024,8,13.528021978021977,5.867127071823204,1056.6
Selwyn,2024,9,13.528021978021977,5.867127071823204,1056.6
Thredbo,2014,1,9.096712328767124,1.7129120879120878,1344.4
Thredbo,2014,10,9.096712328767124,1.7129120879120878,1344.4
Thredbo,2014,11,9.096712328767124,1.7129120879120878,1344.4
Thredbo,2014,12,9.096712328767124,1.7129120879120878,1344.4
Thredbo,2014,13,9.096712328767124,1.7129120879120878,1344.4
Thredbo,2014,14,9.096712328767124,1.7129120879120878,1344.4
Thredbo,2014,15,9.096712328767124,1.7129120879120878,1344.4
Thredbo,2014,2,9.096712328767124,1.7129120879120878,1344.4
Thredbo,2014,3,9.096712328767124,1.7129120879120878,1344.4
Thredbo,2014,4,9.096712328767124,1.7129120879120878,1344.4
Thredbo,2014,5,9.096712328767124,1.7129120879120878,1344.4
Thredbo,2014,6,9.096712328767124,1.7129120879120878,1344.4
Thredbo,2014,7,9.096712328767124,1.7129120879120878,1344.4
Thredbo,2014,8,9.096712328767124,1.7129120879120878,1344.4
Thredbo,2014,9,9.096712328767124,1.7129120879120878,1344.4
Thredbo,2015,1,8.718630136986302,1.212054794520548,1154.2
Thredbo,2015,10,8.718630136986302,1.212054794520548,1154.2
Thredbo,2015,11,8.718630136986302,1.212054794520548,1154.2
Thredbo,2015,12,8.718630136986302,1.212054794520548,1154.2
Thredbo,2015,13,8.718630136986302,1.212054794520548,1154.2
Thredbo,2015,14,8.718630136986302,1.212054794520548,1154.2
Thredbo,2015,15,8.718630136986302,1.212054794520548,1154.2
Thredbo,2015,2,8.718630136986302,1.212054794520548,1154.2
Thredbo,2015,3,8.718630136986302,1.212054794520548,1154.2
Thredbo,2015,4,8.718630136986302,1.212054794520548,1154.2
Thredbo,2015,5,8.718630136986302,1.212054794520548,1154.2
Thredbo,2015,6,8.718630136986302,1.212054794520548,1154.2
Thredbo,2015,7,8.718630136986302,1.212054794520548,1154.2
Thredbo,2015,8,8.718630136986302,1.212054794520548,1154.2
Thredbo,2015,9,8.718630136986302,1.212054794520548,1154.2
Thredbo,2016,1,8.474246575342466,1.6273224043715848,1986.6
Thredbo,2016,10,8.474246575342466,1.6273224043715848,1986.6
Thredbo,2016,11,8.474246575342466,1.6273224043715848,1986.6
Thredbo,2016,12,8.474246575342466,1.6273224043715848,1986.6
Thredbo,2016,13,8.474246575342466,1.6273224043715848,1986.6
Thredbo,2016,14,8.474246575342466,1.6273224043715848,1986.6
Thredbo,2016,15,8.474246575342466,1.6273224043715848,1986.6
Thredbo,2016,2,8.474246575342466,1.6273224043715848,1986.6
Thredbo,2016,3,8.474246575342466,1.6273224043715848,1986.6
Thredbo,2016,4,8.474246575342466,1.6273224043715848,1986.6
Thredbo,2016,5,8.474246575342466,1.6273224043715848,1986.6
Thredbo,2016,6,8.474246575342466,1.6273224043715848,1986.6
Thredbo,2016,7,8.474246575342466,1.6273224043715848,1986.6
Thredbo,2016,8,8.474246575342466,1.6273224043715848,1986.6
Thredbo,2016,9,8.474246575342466,1.6273224043715848,1986.6
Thredbo,2017,1,8.747123287671233,1.3385674931129476,1212.8
Thredbo,2017,10,8.747123287671233,1.3385674931129476,1212.8
Thredbo,2017,11,8.747123287671233,1.3385674931129476,1212.8
Thredbo,2017,12,8.747123287671233,1.3385674931129476,1212.8
Thredbo,2017,13,8.747123287671233,1.3385674931129476,1212.8
Thredbo,2017,14,8.747123287671233,1.3385674931129476,1212.8
Thredbo,2017,15,8.747123287671233,1.3385674931129476,1212.8
Thredbo,2017,2,8.747123287671233,1.3385674931129476,1212.8
Thredbo,2017,3,8.747123287671233,1.3385674931129476,1212.8
Thredbo,2017,4,8.747123287671233,1.3385674931129476,1212.8
Thredbo,2017,5,8.747123287671233,1.3385674931129476,1212.8
Thredbo,2017,6,8.747123287671233,1.3385674931129476,1212.8
Thredbo,2017,7,8.747123287671233,1.3385674931129476,1212.8
Thredbo,2017,8,8.747123287671233,1.3385674931129476,1212.8
Thredbo,2017,9,8.747123287671233,1.3385674931129476,1212.8
Thredbo,2018,1,9.126271186440677,1.5448680351906157,1067.8
Thredbo,2018,10,9.126271186440677,1.5448680351906157,1067.8
Thredbo,2018,11,9.126271186440677,1.5448680351906157,1067.8
Thredbo,2018,12,9.126271186440677,1.5448680351906157,1067.8
Thredbo,2018,13,9.126271186440677,1.5448680351906157,1067.8
Thredbo,2018,14,9.126271186440677,1.5448680351906157,1067.8
Thredbo,2018,15,9.126271186440677,1.5448680351906157,1067.8
Thredbo,2018,2,9.126271186440677,1.5448680351906157,1067.8
Thredbo,2018,3,9.126271186440677,1.5448680351906157,1067.8
Thredbo,2018,4,9.126271186440677,1.5448680351906157,1067.8
Thredbo,2018,5,9.126271186440677,1.5448680351906157,1067.8
Thredbo,2018,6,9.126271186440677,1.5448680351906157,1067.8
Thredbo,2018,7,9.126271186440677,1.5448680351906157,1067.8
Thredbo,2018,8,9.126271186440677,1.5448680351906157,1067.8
Thredbo,2018,9,9.126271186440677,1.5448680351906157,1067.8
Thredbo,2019,1,9.316155988857938,1.6743016759776537,1138.4
Thredbo,2019,10,9.316155988857938,1.6743016759776537,1138.4
Thredbo,2019,11,9.316155988857938,1.6743016759776537,1138.4
Thredbo,2019,12,9.316155988857938,1.6743016759776537,1138.4
Thredbo,2019,13,9.316155988857938,1.6743016759776537,1138.4
Thredbo,2019,14,9.316155988857938,1.6743016759776537,1138.4
Thredbo,2019,15,9.316155988857938,1.6743016759776537,1138.4
Thredbo,2019,2,9.316155988857938,1.6743016759776537,1138.4
Thredbo,2019,3,9.316155988857938,1.6743016759776537,1138.4
Thredbo,2019,4,9.316155988857938,1.6743016759776537,1138.4
Thredbo,2019,5,9.316155988857938,1.6743016759776537,1138.4
Thredbo,2019,6,9.316155988857938,1.6743016759776537,1138.4
Thredbo,2019,7,9.316155988857938,1.6743016759776537,1138.4
Thredbo,2019,8,9.316155988857938,1.6743016759776537,1138.4
Thredbo,2019,9,9.316155988857938,1.6743016759776537,1138.4
Thredbo,2020,1,8.73150684931507,1.4027472527472529,1742.4
Thredbo,2020,10,8.73150684931507,1.4027472527472529,1742.4
Thredbo,2020,11,8.73150684931507,1.4027472527472529,1742.4
Thredbo,2020,12,8.73150684931507,1.4027472527472529,1742.4
Thredbo,2020,13,8.73150684931507,1.4027472527472529,1742.4
Thredbo,2020,14,8.73150684931507,1.4027472527472529,1742.4
Thredbo,2020,15,8.73150684931507,1.4027472527472529,1742.4
Thredbo,2020,2,8.73150684931507,1.4027472527472529,1742.4
Thredbo,2020,3,8.73150684931507,1.4027472527472529,1742.4
Thredbo,2020,4,8.73150684931507,1.4027472527472529,1742.4
Thredbo,2020,5,8.73150684931507,1.4027472527472529,1742.4
Thredbo,2020,6,8.73150684931507,1.4027472527472529,1742.4
Thredbo,2020,7,8.73150684931507,1.4027472527472529,1742.4
Thredbo,2020,8,8.73150684931507,1.4027472527472529,1742.4
Thredbo,2020,9,8.73150684931507,1.4027472527472529,1742.4
Thredbo,2021,1,8.16508875739645,0.9735905044510385,1845.2
Thredbo,2021,10,8.16508875739645,0.9735905044510385,1845.2
Thredbo,2021,11,8.16508875739645,0.9735905044510385,1845.2
Thredbo,2021,12,8.16508875739645,0.9735905044510385,1845.2
Thredbo,2021,13,8.16508875739645,0.9735905044510385,1845.2
Thredbo,2021,14,8.16508875739645,0.9735905044510385,1845.2
Thredbo,2021,15,8.16508875739645,0.9735905044510385,1845.2
Thredbo,2021,2,8.16508875739645,0.9735905044510385,1845.2
Thredbo,2021,3,8.16508875739645,0.9735905044510385,1845.2
Thredbo,2021,4,8.16508875739645,0.9735905044510385,1845.2
Thredbo,2021,5,8.16508875739645,0.9735905044510385,1845.2
Thredbo,2021,6,8.16508875739645,0.9735905044510385,1845.2
Thredbo,2021,7,8.16508875739645,0.9735905044510385,1845.2
Thredbo,2021,8,8.16508875739645,0.9735905044510385,1845.2
Thredbo,2021,9,8.16508875739645,0.9735905044510385,1845.2
Thredbo,2022,1,7.370571428571428,0.5878962536023055,2078.2
Thredbo,2022,10,7.370571428571428,0.5878962536023055,2078.2
Thredbo,2022,11,7.370571428571428,0.5878962536023055,2078.2
Thredbo,2022,12,7.370571428571428,0.5878962536023055,2078.2
Thredbo,2022,13,7.370571428571428,0.5878962536023055,2078.2
Thredbo,2022,14,7.370571428571428,0.5878962536023055,2078.2
Thredbo,2022,15,7.370571428571428,0.5878962536023055,2078.2
Thredbo,2022,2,7.370571428571428,0.5878962536023055,2078.2
Thredbo,2022,3,7.370571428571428,0.5878962536023055,2078.2
Thredbo,2022,4,7.370571428571428,0.5878962536023055,2078.2
Thredbo,2022,5,7.370571428571428,0.5878962536023055,2078.2
Thredbo,2022,6,7.370571428571428,0.5878962536023055,2078.2
Thredbo,2022,7,7.370571428571428,0.5878962536023055,2078.2
Thredbo,2022,8,7.370571428571428,0.5878962536023055,2078.2
Thredbo,2022,9,7.370571428571428,0.5878962536023055,2078.2
Thredbo,2023,1,9.05016501650165,1.6288079470198675,1441.8
Thredbo,2023,10,9.05016501650165,1.6288079470198675,1441.8
Thredbo,2023,11,9.05016501650165,1.6288079470198675,1441.8
Thredbo,2023,12,9.05016501650165,1.6288079470198675,1441.8
Thredbo,2023,13,9.05016501650165,1.6288079470198675,1441.8
Thredbo,2023,14,9.05016501650165,1.6288079470198675,1441.8
Thredbo,2023,15,9.05016501650165,1.6288079470198675,1441.8
Thredbo,2023,2,9.05016501650165,1.6288079470198675,1441.8
Thredbo,2023,3,9.05016501650165,1.6288079470198675,1441.8
Thredbo,2023,4,9.05016501650165,1.6288079470198675,1441.8
Thredbo,2023,5,9.05016501650165,1.6288079470198675,1441.8
Thredbo,2023,6,9.05016501650165,1.6288079470198675,1441.8
Thredbo,2023,7,9.05016501650165,1.6288079470198675,1441.8
Thredbo,2023,8,9.05016501650165,1.6288079470198675,1441.8
Thredbo,2023,9,9.05016501650165,1.6288079470198675,1441.8
Thredbo,2024,1,9.56958904109589,1.9087431693989072,1433.0
Thredbo,2024,10,9.56958904109589,1.9087431693989072,1433.0
Thredbo,2024,11,9.56958904109589,1.9087431693989072,1433.0
Thredbo,2024,12,9.56958904109589,1.9087431693989072,1433.0
Thredbo,2024,13,9.56958904109589,1.9087431693989072,1433.0
Thredbo,2024,14,9.56958904109589,1.9087431693989072,1433.0
Thredbo,2024,15,9.56958904109589,1.9087431693989072,1433.0
Thredbo,2024,2,9.56958904109589,1.9087431693989072,1433.0
Thredbo,2024,3,9.56958904109589,1.9087431693989072,1433.0
Thredbo,2024,4,9.56958904109589,1.9087431693989072,1433.0
Thredbo,2024,5,9.56958904109589,1.9087431693989072,1433.0
Thredbo,2024,6,9.56958904109589,1.9087431693989072,1433.0
Thredbo,2024,7,9.56958904109589,1.9087431693989072,1433.0
Thredbo,2024,8,9.56958904109589,1.9087431693989072,1433.0
Thredbo,2024,9,9.56958904109589,1.9087431693989072,1433.0
